account_id,status,funder,first_op_id,first_op_type,first_op_created_at,first_op_ledger
GA2FOVTYGQEL26I3EJFQV3LWURSNRATCLVAWMXDBTY5E6XPT3TSV22G6,CREATION_BEFORE_RETAINED_HISTORY,,248696177150095424,payment,2025-07-08T05:56:22Z,57904091
GA2X4GX5DEW7FANH4AFVULQJ3SAQCGYVCL6N3OA7RGCEHKIWIJCZHPWV,FUNDER_KNOWN,GAWKH334YIMXL2UGMWZFMBW7QX5JNOGEEV7KEEYY34YHNNIAIUQTQZUA,267053318344409171,create_account,2026-04-18T17:18:40Z,62178196
GA36GCRWHPEQO67IGCBYSTKFPY4KUFJX65CFP6B6BSOEDFWQJEGB4A4V,FUNDER_KNOWN,GAWKH334YIMXL2UGMWZFMBW7QX5JNOGEEV7KEEYY34YHNNIAIUQTQZUA,267053309754581014,create_account,2026-04-18T17:18:29Z,62178194
GA3MZAUSXUJFLEQEMIK5QZXZJOT3XUIEHOK7OVGGOSSFFWTF2LVDC7X3,CREATION_BEFORE_RETAINED_HISTORY,,248698200079425537,path_payment_strict_send,2025-07-08T06:41:55Z,57904562
GA3NU3WXKKU4SJMZF6RQZOD2MIOCRQ77IT53TXTJPNPP3GPDEPKJYLAN,FUNDER_KNOWN,GCQJ7S55OJ3X5Q3B5GVRW4Q5WHUSL47LDUXQKXR7MWSRE7QQITKSEBRQ,250465291358715905,create_account,2025-08-04T15:01:18Z,58315995
GA52GNORRIE2ZNLIYV7TQMA75LCQDIMVUOACGEKPQTKE47CNOXLODWAS,CREATION_BEFORE_RETAINED_HISTORY,,248696623827181569,manage_sell_offer,2025-07-08T06:06:24Z,57904195
GA542INWZHMZHP4UPJZ7MG45BZQRVMCIONWVSXVBCQMZ7XAEJL2YOJWF,CREATION_BEFORE_RETAINED_HISTORY,,248698251620093953,path_payment_strict_send,2025-07-08T06:43:02Z,57904574
GA5RBG3ZICYRHJ6WDAWCIV6GSKKRCT2CKUQUWDBMRYFD7TJ4NMY77CQV,CREATION_BEFORE_RETAINED_HISTORY,,248697474230652929,path_payment_strict_send,2025-07-08T06:25:26Z,57904393
GA65TDIOSBUMEOVKV4HRQWTTJMCKDCH3XK7TOVBXXD6FGQMVUPRISXWD,CREATION_BEFORE_RETAINED_HISTORY,,248695167832702977,path_payment_strict_send,2025-07-08T05:34:15Z,57903856
GA6OFJO6XCCOYRWE6CWLRYBIYMNBBODAHKDHJYP42KMXMPBFQZNI4Y7C,CREATION_BEFORE_RETAINED_HISTORY,,249313866462351361,path_payment_strict_receive,2025-07-17T20:31:28Z,58047908
GA6QBLU7CMZ7XTQYPXS253323YBTKRP2YU2BUQP4VFUKUQGEXNGIOXSM,CREATION_BEFORE_RETAINED_HISTORY,,248722707163041793,path_payment_strict_receive,2025-07-08T15:42:03Z,57910268
GA6SYMFVLA74WVIHZNGLDQHET4APUQ5RDWX3Q46I56FC55PCI22PCLXY,CREATION_BEFORE_RETAINED_HISTORY,,248695270911520769,path_payment_strict_send,2025-07-08T05:36:31Z,57903880
GA6U5JBVNTC2EKQHPZ5MEDZGJCWXLKPSJG5HAGFFMVA3UTXV5GVTWOVA,CREATION_BEFORE_RETAINED_HISTORY,,248702258823888897,path_payment_strict_send,2025-07-08T08:12:13Z,57905507
GA6VKAKAQ6WTVZW5C45K773R7VWALJIBIHNGRVTRJA45PLKY5MN6GDOY,FUNDER_KNOWN,GAWKH334YIMXL2UGMWZFMBW7QX5JNOGEEV7KEEYY34YHNNIAIUQTQZUA,267053769316577378,create_account,2026-04-18T17:28:36Z,62178301
GA7EDMNIJATCVSIYJSS5XJPSS3DPEBQRBTGG5ZPLGMKMWPZJ5F27IFQQ,CREATION_BEFORE_RETAINED_HISTORY,,248702391967473665,path_payment_strict_send,2025-07-08T08:15:11Z,57905538
GA7JBOZ7DQ5QQWSHZHAGL5DSB764O3PSDXIRPPO6DCGE25JTDL2NW5MC,FUNDER_KNOWN,GAWKH334YIMXL2UGMWZFMBW7QX5JNOGEEV7KEEYY34YHNNIAIUQTQZUA,267053223855624216,create_account,2026-04-18T17:16:33Z,62178174
GA7O3ZGCR6TL6PSSJJYGEPQRYF4JOPGWULTFTZVSVSGXUZIFNYH7SH3L,CREATION_BEFORE_RETAINED_HISTORY,,248864677307146241,path_payment_strict_receive,2025-07-10T20:28:03Z,57943323
GA7OUL2JINNCMOAX2VMATVLI3XWCQQTMOIUDWFHBOQCRKAQBDEQU7QKY,CREATION_BEFORE_RETAINED_HISTORY,,248702499341840423,payment,2025-07-08T08:17:32Z,57905563
GAAGOD2OIRYWLAENFO27YL6NTFRPAGBJBC6LFVADUWHQUOSL22KIKKKE,FUNDER_KNOWN,GAWKH334YIMXL2UGMWZFMBW7QX5JNOGEEV7KEEYY34YHNNIAIUQTQZUA,267053790790893588,create_account,2026-04-18T17:29:04Z,62178306
GAAIONDFMU2YT5JYRLRYD6ZB3G2X3IZLZSGO3BUABWAY7RWJOD346JDO,FUNDER_KNOWN,GAWKH334YIMXL2UGMWZFMBW7QX5JNOGEEV7KEEYY34YHNNIAIUQTQZUA,267053258215178299,create_account,2026-04-18T17:17:19Z,62178182
GAAPLO3QJLEATSXJNDKCLLABGCNVABPRXJDA35YXKCKGCQJ25IQWD5XR,FUNDER_KNOWN,GAWKH334YIMXL2UGMWZFMBW7QX5JNOGEEV7KEEYY34YHNNIAIUQTQZUA,267053275395313691,create_account,2026-04-18T17:17:42Z,62178186
GAAS5T3XLDLQ7BI6XVCHPTPPMDJYFB534XIL4WUVYWN2HDCOULYZFTY4,CREATION_BEFORE_RETAINED_HISTORY,,248697345382711297,path_payment_strict_send,2025-07-08T06:22:31Z,57904363
GAAXZMQL64IF7AHAEZA2MFQ4HG3LYOUGZQNCUZUIWNJPLSQLRAHN2AHP,CREATION_BEFORE_RETAINED_HISTORY,,248696507862925313,path_payment_strict_receive,2025-07-08T06:03:48Z,57904168
GAB63ICRW45I3OSNO4HDTEGD4GF5J7LU3H6EI4VLF7IQKFGQ6IMJFGGB,FUNDER_KNOWN,GDBIXGZ3EKI3M4DBM65ADLHVNYIOG7JXGOHW5DHUZQAXPORY3QNO2PNY,263573059099742209,create_account,2026-02-23T20:42:41Z,61367885
GABFRFPYM2BXM4OM2ZA4YDBWY4CMPVESHQMKXSM47MWWJD4TW2KQDWWN,FUNDER_KNOWN,GAAJAHDYZXW2FZDET5BSZUDTIVUWXT6HXSOZAQB64WJWR7WOSYNFGQMQ,253679198206619649,create_account,2025-09-23T18:46:25Z,59064291
GABGQYAH4JFP5F3LEZEDVUMWPHQK5NDFKQ25VUYBE4A2RFHZQ2OPVH7F,CREATION_BEFORE_RETAINED_HISTORY,,248697929496707073,path_payment_strict_send,2025-07-08T06:35:46Z,57904499
GABIOWBZG6IXN7ASBBCDPJ2KK5OWQ76UDV3PN4WPQT5MUCFCUQR4JZLE,CREATION_BEFORE_RETAINED_HISTORY,,248695253731991553,path_payment_strict_send,2025-07-08T05:36:09Z,57903876
GABP2PTDPCWKMDTT7VGG6HJM5DPPG6TQJUEGFUGO4YCZXTVUXUQ7XSI6,CREATION_BEFORE_RETAINED_HISTORY,,248699041893163009,path_payment_strict_send,2025-07-08T07:00:42Z,57904758
GAC6QV7NDADREIRHXU6LNE5LF4BQ2KTUAVPIVZX6YXPQE6ZOACHK5NUJ,CREATION_BEFORE_RETAINED_HISTORY,,248696155675123781,payment,2025-07-08T05:55:54Z,57904086
GACC2OBDFSU4CFD2WMW4S54BAYTMCDHQURSJSWUZFPQMCWZAFNME4OAI,FUNDER_KNOWN,GBUZ7BHRLQSBATYWRDJDLGNLX5ZOYAXR4JW53S6UGO5TEZHRQIX2CYR5,263710579658166273,create_account,2026-02-26T00:10:48Z,61399904
GACCB6RW6I4VXKO6FJUAS5COV3TNAJCVILKBSARVGVNIBBEVKVSGCBEM,FUNDER_KNOWN,GAWKH334YIMXL2UGMWZFMBW7QX5JNOGEEV7KEEYY34YHNNIAIUQTQZUA,267053769316577324,create_account,2026-04-18T17:28:36Z,62178301
GACF36TXCK4P2HSD6XVIIX5RC7G2UJTIOCPBQ7DY2OAB5JVDXMNLQANQ,FUNDER_KNOWN,GAWKH334YIMXL2UGMWZFMBW7QX5JNOGEEV7KEEYY34YHNNIAIUQTQZUA,267053258215178259,create_account,2026-04-18T17:17:19Z,62178182
GACILNVZCTNPSAXUOOMH75MBXKFFOBRTWUG64Z6Z7QOJF2SG436VSUTJ,FUNDER_KNOWN,GAWKH334YIMXL2UGMWZFMBW7QX5JNOGEEV7KEEYY34YHNNIAIUQTQZUA,267053318344409184,create_account,2026-04-18T17:18:40Z,62178196
GACJLCIMTADKHHKPKI7PBRETH7BT3ALZNTLDNGNK4KHZHOXKOZYA5VAB,CREATION_BEFORE_RETAINED_HISTORY,,248697723338563585,payment,2025-07-08T06:31:02Z,57904451
GADSSHSO7KFNODKZ3FBYXXAQFKLW6QCOXMOZSYEM4XAHW54IYYM5FLWO,CREATION_BEFORE_RETAINED_HISTORY,,248697482820800513,path_payment_strict_send,2025-07-08T06:25:39Z,57904395
GADUP4XUZ5PUVDRX6DXZRTSVIIZW3CXOQPVGARBKBUVMPZNKG7DE4W4M,CREATION_BEFORE_RETAINED_HISTORY,,249859731035164673,create_claimable_balance,2025-07-26T07:03:17Z,58175002
GADUWAZOC3Y2QT2WGPS2GT76YP2F7NR6G5BXNVEJF5TJYMKNTYDHFR3O,FUNDER_KNOWN,GAWKH334YIMXL2UGMWZFMBW7QX5JNOGEEV7KEEYY34YHNNIAIUQTQZUA,267053309754581031,create_account,2026-04-18T17:18:29Z,62178194
GAE2PTI6HG4SUCHTH7VJ2VDMFOVMXVH3OYW66SN2B6BK5QQUKZRKFL6S,FUNDER_KNOWN,GAWKH334YIMXL2UGMWZFMBW7QX5JNOGEEV7KEEYY34YHNNIAIUQTQZUA,267053799380619358,create_account,2026-04-18T17:29:16Z,62178308
GAELEOBSLSTTEOZNHLYQ4NM7AW54HZW7KHJPPCNPT3SSCS2ZXIPZI6IE,CREATION_BEFORE_RETAINED_HISTORY,,249091584724738049,path_payment_strict_receive,2025-07-14T09:39:57Z,57996154
GAEWJW7QTMVMZBD2EZBHOD2FY7KHP34HWLA5B7RT4TUJ4OOYEYWPROTJ,CREATION_BEFORE_RETAINED_HISTORY,,248697268072345659,payment,2025-07-08T06:20:42Z,57904345
GAFB7IYPCYZCODQBB5BR5JO45JC4PPVLARUAXQSFHWTLH2KMHPWJ36GD,CREATION_BEFORE_RETAINED_HISTORY,,248695189307363329,path_payment_strict_receive,2025-07-08T05:34:43Z,57903861
GAFEDMD42RJVK4TWOV7QXFTBPJOU7HIKS4DBNKZYUNFUEK24AW26ZJJ5,CREATION_BEFORE_RETAINED_HISTORY,,248724682849902642,payment,2025-07-08T16:26:27Z,57910728
GAFIAE3DA3ZHGXVLVOAEYYBJM5ZQPCJZ4N6XGTI5UCQUVDX62F6HBB4R,CREATION_BEFORE_RETAINED_HISTORY,,248695348221161473,path_payment_strict_send,2025-07-08T05:38:13Z,57903898
GAFQVA4W6N7MTURDY3VQIZCDPQDTEW3ZTNZAFU37UAUDVCAIVFC6W3OM,FUNDER_KNOWN,GAWKH334YIMXL2UGMWZFMBW7QX5JNOGEEV7KEEYY34YHNNIAIUQTQZUA,267053782201049128,create_account,2026-04-18T17:28:53Z,62178304
GAFYXEXG66CVYM4F73M3SYSMNTCZ3O2KLC7T25GH6W63AJKSUWOGJFVT,CREATION_BEFORE_RETAINED_HISTORY,,248695339631296513,path_payment_strict_send,2025-07-08T05:38:02Z,57903896
GAG2KBHTPWUFOFS6PEHGZDZSGIQ5KAE4LNEGMUCTBKGZMHAJ5EXJBARS,FUNDER_KNOWN,GBIPSWFZJZOEQWVEFEVERDDDVHYEN7FMRN4TLH3MSHSINT2PQS4A7FYA,261736874682679297,create_account,2026-01-26T02:57:47Z,60940365
GAGWN4UM3IABK37TYR4FVQZ2DTH5VLUZ2656NSV6AA7FD6WUDJCXBEN3,FUNDER_KNOWN,GAWKH334YIMXL2UGMWZFMBW7QX5JNOGEEV7KEEYY34YHNNIAIUQTQZUA,267053283984793633,create_account,2026-04-18T17:17:55Z,62178188
GAGZIKPS4FCBPKTL7YZHFWNODPOX2GHSA6LDPOIUYNW7B3H7NUKO7AP5,CREATION_BEFORE_RETAINED_HISTORY,,248696761265725441,path_payment_strict_send,2025-07-08T06:09:31Z,57904227
GAIEPBGN5PFYDADDFNNDXERXIUMEHZGYSRFBEWFA7PGSESRS57LSKFCL,FUNDER_KNOWN,GAWKH334YIMXL2UGMWZFMBW7QX5JNOGEEV7KEEYY34YHNNIAIUQTQZUA,267053309754581056,create_account,2026-04-18T17:18:29Z,62178194
GAIN2HU2ITUZPLGNWSH7JXXROL7MYIWDYXCUQDMQVJXFBEBPETSZYHNF,CREATION_BEFORE_RETAINED_HISTORY,,248715620466757698,payment,2025-07-08T13:05:57Z,57908618
GAINDVHGHGSIH6AO4C2DBLOWSPGL6CVPBBNKVXIOFZANAWFZPTVOHAUS,CREATION_BEFORE_RETAINED_HISTORY,,248697289547833345,path_payment_strict_receive,2025-07-08T06:21:10Z,57904350
GAIU3QEJSGSLMTH6TYLE7WMEKV3RGCL46MX5CTQGNGIHZXIAF5JJCTQ7,CREATION_BEFORE_RETAINED_HISTORY,,248700798535548929,path_payment_strict_send,2025-07-08T07:39:42Z,57905167
GAIY6FWAYXU2EOGZ3W7HTFGKGBYNBO2ONRHGAYKBUVSY72H6UGGUJ75A,CREATION_BEFORE_RETAINED_HISTORY,,251642997161480265,payment,2025-08-23T01:07:52Z,58590201
GAJ5BCJQMTG7E56A624ZEGWKUPXNH5NAADAVMCNQ6LOCUPRCBFWYE6IR,CREATION_BEFORE_RETAINED_HISTORY,,248710548110557199,payment,2025-07-08T11:14:25Z,57907437
GAJIO55Z56JCFANWSP6BDGMPNUYWEOWCNGDMMCTDH3A4XEUL72LWW772,CREATION_BEFORE_RETAINED_HISTORY,,248696288819200001,path_payment_strict_send,2025-07-08T05:58:49Z,57904117
GAJTBADJGRHH557BLISRHWRSAW3ZPGXN4UK2TOPBVTJEDD6ZYQLQYREA,CREATION_BEFORE_RETAINED_HISTORY,,248955584584806401,path_payment_strict_receive,2025-07-12T06:40:57Z,57964489
GAK5KWQTTYCIOYZ4BAY6YFF6O5TG3UNQ73AVYMLK62WTASRVSSGKSCSD,CREATION_BEFORE_RETAINED_HISTORY,,248698552267038721,path_payment_strict_send,2025-07-08T06:49:49Z,57904644
GAKFQBLRL2XQ7XTW5645CA4EFWZMHQG5VR6QBZALVFAVC7T3QTJUZ4KI,FUNDER_KNOWN,GAWKH334YIMXL2UGMWZFMBW7QX5JNOGEEV7KEEYY34YHNNIAIUQTQZUA,267053769316577347,create_account,2026-04-18T17:28:36Z,62178301
GAL6OAYMEISR5ASHEQLXWLEXBD236EEXBOWRSYV4ZXE6MLBS4X4QDYCU,FUNDER_KNOWN,GBPB43FOGRHIFIZTWJMSHHJQBFYTEGRWM65YVPSDJINMRGK6BSZ6VXYZ,263010040426938369,create_account,2026-02-15T01:09:54Z,61236797
GALHF53GCYWGURCXO55SJ45PG2UV2SX3W4ACYLGVLJ4PEIEJ2ZZQ74IT,CREATION_BEFORE_RETAINED_HISTORY,,248695107703136257,payment,2025-07-08T05:32:57Z,57903842
GALL45K35HS2KSHWDFVMIFCCGQVDLMY2BWNK7CTMPAKADOTHYQ5SZS7Q,FUNDER_KNOWN,GAWKH334YIMXL2UGMWZFMBW7QX5JNOGEEV7KEEYY34YHNNIAIUQTQZUA,267053309754581032,create_account,2026-04-18T17:18:29Z,62178194
GALMOTUVDYGDSJZWI7FZCLD7DC7DHYTPZ7AAIVRPP5KNVPVLBJLCAPSI,CREATION_BEFORE_RETAINED_HISTORY,,252760380147953694,payment,2025-09-09T12:40:10Z,58850362
GALTA4AQOCVCCYGQLPYJV5KWSBP2OUFQG47GGI2KDID72TF2XHZAISBU,FUNDER_KNOWN,GBZ5QPU4RTZ5JPRY2E5CAY7TL34WQTN74CU266NGQRSX3RRVQ4FQ5KI5,274369284032159745,create_account,2026-08-10T03:17:54Z,63881577
GALVH3VMM5Q3MEZPSEH7XI4HQLYRBRFJQYLMPGGYNA4D7HBRJNGWTTGZ,CREATION_BEFORE_RETAINED_HISTORY,,248697968151269377,path_payment_strict_send,2025-07-08T06:36:38Z,57904508
GALWVT2JSDIWEX7AP2HTDPNKX542UFURPAPCCEXFRDHDKEKEX2XYM3TC,CREATION_BEFORE_RETAINED_HISTORY,,248696572286828545,path_payment_strict_send,2025-07-08T06:05:16Z,57904183
GALXMUDWVFRXLQQVCPLFWS5IULKCJS637V5R7BVZGA2QFFSSQ35T3HLH,FUNDER_KNOWN,GAWKH334YIMXL2UGMWZFMBW7QX5JNOGEEV7KEEYY34YHNNIAIUQTQZUA,267053799380619303,create_account,2026-04-18T17:29:16Z,62178308
GAMMQJQ6O6KQWPBATHLQWYEDCYKLNAV2D3XG5SQSVHJ6BTMQLSM5MSLE,CREATION_BEFORE_RETAINED_HISTORY,,248699948131393537,path_payment_strict_send,2025-07-08T07:20:49Z,57904969
GANBKFJGGLOMHQPW2CK55BTWS3Q5JRCSJOCLMDHOO4YRAAZFXOLJBORU,CREATION_BEFORE_RETAINED_HISTORY,,248696744085458945,path_payment_strict_send,2025-07-08T06:09:07Z,57904223
GANMIQKRY5IBWVW2LRSQENMM2QMYBZCA7JYDRKMLQFS5PRV34ZDWQBRO,FUNDER_KNOWN,GAUPJ4HYJOJCD5CGFM7WL2L6PCFFYYSYMKX2ODINI47PBUAJYG46MVBR,258402601375801345,create_account,2025-12-05T15:51:31Z,60164044
GANUMAF4ZXKRBGNOQPR33FKS4XQQ3JUMKKWXQR4KR4INWPFXF44QPIPH,CREATION_BEFORE_RETAINED_HISTORY,,248697113452498945,path_payment_strict_send,2025-07-08T06:17:16Z,57904309
GAO3OJZTD2TO75M3ORRGKU4AP6U52DSUWQ5WOMLTRL6GYLWDSPR5HOVB,FUNDER_KNOWN,GB77C7CHJQGWNMDPWRXXN5KMS55K5SSERBGND4GGCYDDBLC52FEKHUOR,274077857616904193,create_account,2026-08-05T17:29:42Z,63813724
GAO6OA7JJ6WULHHSBX6PESA7AQFZVS7VNU2DJF5CNJZLDQCU423L64YO,CREATION_BEFORE_RETAINED_HISTORY,,248707833690951681,path_payment_strict_receive,2025-07-08T10:14:34Z,57906805
GAOJ273VPO2DYBIGJ4HXMD63WRF6S56JCRZTMZVTSTEUQ3XVQW6CKRFA,FUNDER_KNOWN,GAWKH334YIMXL2UGMWZFMBW7QX5JNOGEEV7KEEYY34YHNNIAIUQTQZUA,267053249625313327,create_account,2026-04-18T17:17:07Z,62178180
GAORKTKZPLU2Q3EWFFMW6QL6CNQ3XOOLWVD4PDWIM3LMYTWPUAVOWG6G,FUNDER_KNOWN,GBXQUJBEDX5TYLJ6D5BGJZFLYF5GZVGXLWA2ZORS5OIA7H6B5O3MHMTP,256489996605325331,create_account,2025-11-06T02:40:24Z,59718731
GAOYOAU4LEIPYDVELVI4MV62V4QVHVET3GPRXXJY6GVBTZXW476UWSEH,FUNDER_KNOWN,GAWKH334YIMXL2UGMWZFMBW7QX5JNOGEEV7KEEYY34YHNNIAIUQTQZUA,267053765021315110,create_account,2026-04-18T17:28:30Z,62178300
GAPBYJXAN427H5BZMTVEDYUFEL3XICPAXIZLM7ONSRVKR74JLXGYKOMK,FUNDER_KNOWN,GB533ELYALMMI4YYCUS32375NX4M67YTIZI5JCP4DKJ3Z6MYVSDMJPU6,262321050363650049,create_account,2026-02-04T07:34:16Z,61076379
GAPL7LIN6I3VAL7OOCNDUFZOYFNJDYS2O62M46DD7X6WHHBDMUTI73HW,CREATION_BEFORE_RETAINED_HISTORY,,248698363288768586,payment,2025-07-08T06:45:35Z,57904600
GAQ6KSJNJUH4SCQPWWLUAYCCE7D5ZPZT4ZKWNJNDPWVLOEPKCU4QZVF2,CREATION_BEFORE_RETAINED_HISTORY,,248698230144585808,payment,2025-07-08T06:42:35Z,57904569
GAQIDZD7B6GTQNFRQZFCY4C2RZMZQZVUB6RUOQYKGB5QU6ZI2LGMX63Y,CREATION_BEFORE_RETAINED_HISTORY,,248699175036989441,path_payment_strict_send,2025-07-08T07:03:37Z,57904789
GAQP4A2J33P4JODP3BUJC6GJBZDU2EVD3RSJIDRRLCR72OS5PSUKSJFM,CREATION_BEFORE_RETAINED_HISTORY,,248697422690807809,path_payment_strict_send,2025-07-08T06:24:15Z,57904381
GAQR2KPRAPRUB43JJ7QWWTHEWBFH55WBMEZBZNLZ3D23NVMPUMDAIMHM,FUNDER_KNOWN,GDTAOBZRKNGWN7X2EFHCAVPW2TBE6RVZJX3GCH7LRXC7Z3UE27BNPPQB,269748758216343553,create_account,2026-05-30T16:10:05Z,62805777
GAQWIKIIPMU7MCTG4BXUOQ2ERYJKXLOCMJLPVBLEJWWUIO7NGOFRUKU2,CREATION_BEFORE_RETAINED_HISTORY,,248695601624080385,payment,2025-07-08T05:43:42Z,57903957
GARFNNSANVO2U2TKPBGRVLEVS5DLRAI2CI5VVNRQYVB3RSILSJP2J4TZ,FUNDER_KNOWN,GAWKH334YIMXL2UGMWZFMBW7QX5JNOGEEV7KEEYY34YHNNIAIUQTQZUA,267053322639986746,create_account,2026-04-18T17:18:46Z,62178197
GARUTRW4EM5OECFZXM4VIZQQRILJTYD5WYYGFAVG47OV6376L4I6EV37,CREATION_BEFORE_RETAINED_HISTORY,,248696705430671361,path_payment_strict_send,2025-07-08T06:08:15Z,57904214
GAS4LCR6B4WTBOGFFDQAPLE2QCYFRLXNHWW64NON2QXLRW4LUWBMQBMY,FUNDER_KNOWN,GAWKH334YIMXL2UGMWZFMBW7QX5JNOGEEV7KEEYY34YHNNIAIUQTQZUA,267053756431126591,create_account,2026-04-18T17:28:19Z,62178298
GASAXWRQCKI5RRLBMFMUOV342DY4TKJM6DE6HZMLGOPKMZLKK43MMDXP,CREATION_BEFORE_RETAINED_HISTORY,,248698891569258581,payment,2025-07-08T06:57:21Z,57904723
GASB76SYSIS6ERWG2CNZAFUBYXJPBQEE6VADWJTGOI3BDDCBNINPCTTS,CREATION_BEFORE_RETAINED_HISTORY,,248695928041525249,path_payment_strict_send,2025-07-08T05:50:50Z,57904033
GATTKWTSOMYMREAAMOYWAQRJEMMOT2M2USYFPSRZ6M3WO3SB2SPLPTRQ,CREATION_BEFORE_RETAINED_HISTORY,,248696726906568705,path_payment_strict_send,2025-07-08T06:08:44Z,57904219
GATUKMTDJK7UHSTNNT2POZ3HK2FJRJZK557ONKX5GRVKDKGEBOP67H4F,CREATION_BEFORE_RETAINED_HISTORY,,248695103408500737,path_payment_strict_send,2025-07-08T05:32:51Z,57903841
GATVFSGEEPPTV2DFM76WE6LVTKH7QTL4TSLX6L3T7BL3UC2VXRCVTBWS,FUNDER_KNOWN,GCEJGNL37PMSM7Y7BSW67JA73ZPMSPDD7B2RW2QZDM5EDUX2RQ5LNEBU,260030299491287041,create_account,2025-12-30T21:47:58Z,60543022
GAUIKGAXXRAEVOREIBTJU6YOSKU2RN4NLTCLQT536S676ANQWRO4R47H,CREATION_BEFORE_RETAINED_HISTORY,,248695687523631105,path_payment_strict_send,2025-07-08T05:45:33Z,57903977
GAUSKYGJEJE4DVB6ABJZXZYA3ONWHJ4Z67MHEEALGBRRKW2YC4KGEZ4T,CREATION_BEFORE_RETAINED_HISTORY,,248698255914246145,path_payment_strict_send,2025-07-08T06:43:09Z,57904575
GAUUNG3AOJOEGHVKCT2RY6MJNSUXANY22R76Z742AXK4CKLXENYT2XW3,CREATION_BEFORE_RETAINED_HISTORY,,248696537926885390,payment,2025-07-08T06:04:28Z,57904175
GAVAU44U7NUYWO7B5ZWNAGDGFZT2JGHCMAYI4FPABE4NQW6GZBF4I4CV,FUNDER_KNOWN,GB77C7CHJQGWNMDPWRXXN5KMS55K5SSERBGND4GGCYDDBLC52FEKHUOR,274410846430941185,create_account,2026-08-10T18:23:24Z,63891254
GAVF57JGQXIXWKZHCQ7T42NL7NLGGVMODLNKBC3P2FRZGUTBFI5TDUOT,FUNDER_KNOWN,GAWKH334YIMXL2UGMWZFMBW7QX5JNOGEEV7KEEYY34YHNNIAIUQTQZUA,267053258215178290,create_account,2026-04-18T17:17:19Z,62178182
GAVF6ZLXBIG2K56IRKHENYBO3BDOW27VVNFV3BUHPP233YHHS4TRW4JJ,CREATION_BEFORE_RETAINED_HISTORY,,248698960288608316,payment,2025-07-08T06:58:50Z,57904739
GAVKXUSKJGXROYGKS7SFVPUFR33AMPWFLKPB2SZUO2HQURPFUWIHGY2H,FUNDER_KNOWN,GDKDVEJZGOWWLSNBM7JUUUA4GGWFHNFPYFHM6TSKPFC44773OESC7OVT,273011348517326849,create_account,2026-07-20T13:54:50Z,63565408
GAVYIUWQFQX2GJ7FWNGVXSSLMJO75V5XY5M2YON4DKYD24LPB6QLCERP,CREATION_BEFORE_RETAINED_HISTORY,,248704367652610076,payment,2025-07-08T08:58:51Z,57905998
GAWMUUCFS3G3CFDFUBZA7LQOUL3XD3BDH336QZ7CRPLKVGK5UW23MQUB,FUNDER_KNOWN,GAWKH334YIMXL2UGMWZFMBW7QX5JNOGEEV7KEEYY34YHNNIAIUQTQZUA,267053799380619291,create_account,2026-04-18T17:29:16Z,62178308
GAWRJYZOSXAXZMZLVBQ2WKJNNVEZPMY5J2RVBKWSGFHSQUL4WWQNKE2D,CREATION_BEFORE_RETAINED_HISTORY,,248699102022897665,path_payment_strict_send,2025-07-08T07:02:01Z,57904772
GAXDWGRZJDDXPAUWHSR5QPE3EE5CHNPTTWEJDYJTOYYHH77RKZH7I74T,CREATION_BEFORE_RETAINED_HISTORY,,248697332498829313,path_payment_strict_send,2025-07-08T06:22:12Z,57904360
GAXIBCI7MZBDLCN2427HWPDQW46TN2R462FRV66S4AOJC2SGVYGBXMV6,FUNDER_KNOWN,GAWKH334YIMXL2UGMWZFMBW7QX5JNOGEEV7KEEYY34YHNNIAIUQTQZUA,267053799380619294,create_account,2026-04-18T17:29:16Z,62178308
GAXL77JO7PKJ6IVO3LVZEYTMRN2ZG5A5N7ZQXLCR2RORTAKE4NAJQBAX,CREATION_BEFORE_RETAINED_HISTORY,,248696735495532545,payment,2025-07-08T06:08:55Z,57904221
GAXZXUBAWZ6MFQCDUJ66JZGSFUG4UXL5MXXPJJ4LSX44T5A5JQPBZQP5,CREATION_BEFORE_RETAINED_HISTORY,,248701713362653185,path_payment_strict_send,2025-07-08T08:00:02Z,57905380
GAY2KTP5NBJ2T6X5T2V7QWMXNUSAG7GTEESJDGEEBW4GAYXHVB7H4JGM,CREATION_BEFORE_RETAINED_HISTORY,,249014674746257409,path_payment_strict_receive,2025-07-13T04:47:22Z,57978247
GAYCZUWLNSNGP6V7AOMKFHTXTYJHQVPDRH6PLFFMI542NQ6QDBNO6J3U,FUNDER_KNOWN,GDEDWJFWOM226RNH765BDLK4BTKYYJZQHI7EAXK4DMPYCC3RWBKTHJ2J,271723017242312707,create_account,2026-06-30T12:34:02Z,63265445
GAYHC7JEABJ7IF4HFTJU73XJLFJCCYT77ZGPVHOYPXPLVMYRAFIYHPVF,CREATION_BEFORE_RETAINED_HISTORY,,248697800648704009,payment,2025-07-08T06:32:48Z,57904469
GAYNJLJI63HFXQHVNGOHVLQKB2NIYVDAIG3AE46FNSUXZ45PGFBLJ3ZT,CREATION_BEFORE_RETAINED_HISTORY,,248696018235822081,path_payment_strict_send,2025-07-08T05:52:47Z,57904054
GAZJEF6WLJQNBKSTW5LWUUK6J3FRTT56RWVZ37YOLJI65SVULQ4K5TD7,FUNDER_KNOWN,GAS2EAREA5VSJ6Y4RJLV7Y2FSTXNHOC455NKNP3DM5CULXDFMB5OSGOD,261463620273160193,create_account,2026-01-21T19:46:29Z,60876743
GAZK2UONQVX4AVELYTGQOHA7FDJXA7D26EF6YF57CRTNX5K7P3F2WUGI,CREATION_BEFORE_RETAINED_HISTORY,,248698792785416200,payment,2025-07-08T06:55:11Z,57904700
GAZRGNL3X2ZMRVITJZUC5ZVSN6G23Y5OVZCMO6E7BTUJTPK4MYPHU5TV,CREATION_BEFORE_RETAINED_HISTORY,,248695520020004865,path_payment_strict_send,2025-07-08T05:41:55Z,57903938
GAZU7YIGKY76UFAQ5YO76AHNCMJCUD62C7LXRMQUUUNYXU5ENZRFMGPY,FUNDER_KNOWN,GAWKH334YIMXL2UGMWZFMBW7QX5JNOGEEV7KEEYY34YHNNIAIUQTQZUA,267053769316577368,create_account,2026-04-18T17:28:36Z,62178301
GAZZFPITATFABJ2NRI56BD2WJYRXLQU7FKRKWJGN7MH7SZ4VBKE6YZK5,CREATION_BEFORE_RETAINED_HISTORY,,250240308087169036,payment,2025-08-01T03:20:34Z,58263612
GB2IXNYZTTOFPTPGYXVA44XXTGCTTLQS7DO5JU2NQONVSHFRXXOE7P6J,FUNDER_KNOWN,GAWKH334YIMXL2UGMWZFMBW7QX5JNOGEEV7KEEYY34YHNNIAIUQTQZUA,267053236740177951,create_account,2026-04-18T17:16:49Z,62178177
GB32UI3LA2EDHJVKCLWIZY7LWRT5S6ZHWCQSCT6PW3AYM7J62AQ7TCNK,FUNDER_KNOWN,GAWKH334YIMXL2UGMWZFMBW7QX5JNOGEEV7KEEYY34YHNNIAIUQTQZUA,267053803676442673,create_account,2026-04-18T17:29:22Z,62178309
GB34SB4GTDPWPZ3D6TKBPN5YFWVVOMI6Y2SRWKVNPF5QRUPRCUBJQ7LW,FUNDER_KNOWN,GAWKH334YIMXL2UGMWZFMBW7QX5JNOGEEV7KEEYY34YHNNIAIUQTQZUA,267053756431126592,create_account,2026-04-18T17:28:19Z,62178298
GB37DH4CM64RFUJ4LVNGTECDITMYELOBFUW7CR36644JZMFYZA3UBHQW,CREATION_BEFORE_RETAINED_HISTORY,,248695107703185409,path_payment_strict_send,2025-07-08T05:32:57Z,57903842
GB3JCHJUP6HHZJLN5LKQDRFP2HWSLNXYE2TGWDGBTNXIW6MLVRQXNDBC,CREATION_BEFORE_RETAINED_HISTORY,,248695588739309569,path_payment_strict_send,2025-07-08T05:43:26Z,57903954
GB3LKXDV7MKIJ7YTCFBVGPMGH3CTXMR4DESXS2XUM6FH32HR6NCYOXCC,CREATION_BEFORE_RETAINED_HISTORY,,248720783019216897,path_payment_strict_send,2025-07-08T14:59:27Z,57909820
GB4CL3MO742BEQJILCSBQ4J5A4GRSZKC3CATLJRW2NFYW7UKC4DZMUL5,FUNDER_KNOWN,GAWKH334YIMXL2UGMWZFMBW7QX5JNOGEEV7KEEYY34YHNNIAIUQTQZUA,267053765021315092,create_account,2026-04-18T17:28:30Z,62178300
GB533ELYALMMI4YYCUS32375NX4M67YTIZI5JCP4DKJ3Z6MYVSDMJPU6,FUNDER_KNOWN,GAS2EAREA5VSJ6Y4RJLV7Y2FSTXNHOC455NKNP3DM5CULXDFMB5OSGOD,262272641786826753,create_account,2026-02-03T13:30:24Z,61065108
GB5LKM5LLKQHL5YBDQK27AMZPVBX2IHVIVGKLOAZBVHHZMTLZHXCUAVU,CREATION_BEFORE_RETAINED_HISTORY,,248697740517937153,path_payment_strict_send,2025-07-08T06:31:24Z,57904455
GB5QL5NPTFKIOJYIWFY7D66RJQZFCI3I2C6J2XIBLVBY6RNLA4HB5OCR,CREATION_BEFORE_RETAINED_HISTORY,,248809551401918465,path_payment_strict_receive,2025-07-10T00:00:39Z,57930488
GB5RBKB44BIKSBM6EDU3VPCKYLMG6AUMSAUYFXNEY2D35DNNDS4TNB2Y,CREATION_BEFORE_RETAINED_HISTORY,,248695421235830785,path_payment_strict_send,2025-07-08T05:39:47Z,57903915
GB5XN6MJZKLLMKWSNO5QOKKNEU264J2GM6MBKAYEPPZWIUQ5OCQC2VJI,CREATION_BEFORE_RETAINED_HISTORY,,248695442710540289,path_payment_strict_send,2025-07-08T05:40:15Z,57903920
GB5YRXL7HPQ53G4C77KWSF7LQUZPRZTRGPC47JRWJGX3L6BWEEIOLGKD,FUNDER_KNOWN,GAWKH334YIMXL2UGMWZFMBW7QX5JNOGEEV7KEEYY34YHNNIAIUQTQZUA,267053756431126568,create_account,2026-04-18T17:28:19Z,62178298
GB5Z6SOGDDWNKN74MGMB2JXIU4EVKO64NRQSY5OADVCLTSWA5UPHW6Q7,FUNDER_KNOWN,GAWKH334YIMXL2UGMWZFMBW7QX5JNOGEEV7KEEYY34YHNNIAIUQTQZUA,267053747841814530,create_account,2026-04-18T17:28:07Z,62178296
GB6YM6S6NW5UDYQASFDFXHCIVLY7BEPRLYVUBXWME6K7YZKKA4VE2Q7C,CREATION_BEFORE_RETAINED_HISTORY,,248695107702976513,path_payment_strict_send,2025-07-08T05:32:57Z,57903842
GB76OPKFMAYOITZHML3ZLGC6MQMVESBOM6WELSYED5ZO63VYJ3HEETRM,CREATION_BEFORE_RETAINED_HISTORY,,248700149994897409,path_payment_strict_send,2025-07-08T07:25:21Z,57905016
GB7FZIUYDPOVOGCNCCKEG46MK45WPKXPXA5AWLRTTDKFCPRNPY67EILI,CREATION_BEFORE_RETAINED_HISTORY,,248695111998373889,path_payment_strict_send,2025-07-08T05:33:03Z,57903843
GB7MUAU7CWAG4QNZQXFN66UC3RXAOWACX2ZINRDFFBXKKECQJTVTA4T6,CREATION_BEFORE_RETAINED_HISTORY,,248697800647270401,path_payment_strict_send,2025-07-08T06:32:48Z,57904469
GB7QIGUVTWCJWBCZUT2VG44JDAHPUD65Q2T7MHQXYHVRAII6FNNJQVVZ,CREATION_BEFORE_RETAINED_HISTORY,,248696147086495745,path_payment_strict_send,2025-07-08T05:55:43Z,57904084
GB7SSLVEGCGO5ZNE3MZLJZI7EA7WWJ5XOL4LCFEDHNY4SXT46CJQID2G,CREATION_BEFORE_RETAINED_HISTORY,,250197603227287553,path_payment_strict_receive,2025-07-31T11:26:49Z,58253669
GBA6M5YOKJFZAAPXCKYTNAUHV2VLYQF6FDSORHUCBJHH2URSTQQOCIO5,CREATION_BEFORE_RETAINED_HISTORY,,248697946676482049,path_payment_strict_send,2025-07-08T06:36:10Z,57904503
GBAMEXG5GVDFPEYKW3BLOZHZC2QN7K6DI5DN6EHP5WX4U3AZQENSMECJ,CREATION_BEFORE_RETAINED_HISTORY,,248697250891517953,path_payment_strict_send,2025-07-08T06:20:19Z,57904341
GBAOOIWRLTMHPN4TSVGN4WUSJP2JIGNNSIAJ6N6IMG46IAN4ZJP2EXEG,CREATION_BEFORE_RETAINED_HISTORY,,248698234439454721,path_payment_strict_send,2025-07-08T06:42:40Z,57904570
GBB5EWJZNC7DUS47K4MBIK7AN4ZEZFVBBTDRRWZB4VSMIM3VSRXWRBYK,CREATION_BEFORE_RETAINED_HISTORY,,248698023985668097,path_payment_strict_send,2025-07-08T06:37:55Z,57904521
GBB6JOP6QVFJ6GQFQI7MHTAGBRXDFRCMSKXEXYUE5YVMBDTNM3CED7XA,FUNDER_KNOWN,GAWKH334YIMXL2UGMWZFMBW7QX5JNOGEEV7KEEYY34YHNNIAIUQTQZUA,267053258215178322,create_account,2026-04-18T17:17:19Z,62178182
GBBXLZQEZVMVP3NJDQIKBR2P4H2F3TVLACXLMOBCNSQ6IEPORFCJYEKG,FUNDER_KNOWN,GAWKH334YIMXL2UGMWZFMBW7QX5JNOGEEV7KEEYY34YHNNIAIUQTQZUA,267053223855624270,create_account,2026-04-18T17:16:33Z,62178174
GBCC4DK4KJQTQ6CZVNOZTZYDHMFKZMRSXLE2JN3NWBBGEAUKZHUTDDXA,FUNDER_KNOWN,GBQGEJS6D26WN2XP3D3YVVEGGDCYMBTVFJ4CR3UVPTCMRRAWQWIELLAG,257491101941469185,create_account,2025-11-21T14:33:57Z,59951819
GBCDDLOJGV7SSZVWCW4IYRHFVZZD4OXKFT5CLM7ZWLQD6PGU2DYHEKCT,CREATION_BEFORE_RETAINED_HISTORY,,248698586627649537,path_payment_strict_send,2025-07-08T06:50:36Z,57904652
GBDA4CVFJZDXEEZDFXCUBGMWYTNDKMYROIF2MBL4A3BCFCA5CT42YKZB,FUNDER_KNOWN,GBGYJH4ZFKI24ORXT2WNFZHA3FBUSQX6EI6UKRSR654P4OLIPD7EMPAI,266063165174177793,create_account,2026-04-03T09:34:24Z,61947658
GBDKKXFWJPVNM2NTQPWRXJYIFAR6VU7Q5EIMFTMC5LUVP2SIVP6GPBAT,CREATION_BEFORE_RETAINED_HISTORY,,248695300976672769,path_payment_strict_send,2025-07-08T05:37:10Z,57903887
GBDU3VTMHHZIR76OJ7ZVWPBECY4TLJJ267OYFGKKFFDDACX2XFMNKL7O,FUNDER_KNOWN,GAWKH334YIMXL2UGMWZFMBW7QX5JNOGEEV7KEEYY34YHNNIAIUQTQZUA,267053322639986721,create_account,2026-04-18T17:18:46Z,62178197
GBEAAMCCMJSHKTFE5KMPE7ITJ3BHL4O3FVNRWZ44EWBDCT6HHZOCAGPG,FUNDER_KNOWN,GAWKH334YIMXL2UGMWZFMBW7QX5JNOGEEV7KEEYY34YHNNIAIUQTQZUA,267053322639986747,create_account,2026-04-18T17:18:46Z,62178197
GBEJMHIMASJBIGGV5UKACNIZTQN3ZCILKZBH6W5PFI5TPCFPT5ASN4CW,CREATION_BEFORE_RETAINED_HISTORY,,252392743832612865,payment,2025-09-03T20:32:09Z,58764765
GBELZYWQJCT6UHHWTEBWLIXNT4NV7SLJ3LTOECOQRKRQJNLAY6JMHFQX,FUNDER_KNOWN,GAWKH334YIMXL2UGMWZFMBW7QX5JNOGEEV7KEEYY34YHNNIAIUQTQZUA,267053301164834881,create_account,2026-04-18T17:18:18Z,62178192
GBEMWOCNI7FT4QHLIQ66HVPFJKCP47FE5MHWJPMSRBD5CE4ELSEYEE5P,FUNDER_KNOWN,GAWKH334YIMXL2UGMWZFMBW7QX5JNOGEEV7KEEYY34YHNNIAIUQTQZUA,267053799380619302,create_account,2026-04-18T17:29:16Z,62178308
GBERASPPPMZEUYGQKC5HM3M244LK6M7UEOMUE25ZIEOIHDOKINPOGBFV,FUNDER_KNOWN,GAWKH334YIMXL2UGMWZFMBW7QX5JNOGEEV7KEEYY34YHNNIAIUQTQZUA,267053756431126600,create_account,2026-04-18T17:28:19Z,62178298
GBEUHDMRM235TQ6C7UN7IY6I47VF4XMGPWVTRMWLKGWE53KBDN2SLF6B,CREATION_BEFORE_RETAINED_HISTORY,,248697761992871937,path_payment_strict_send,2025-07-08T06:31:55Z,57904460
GBEWGJZ37PGFE47IMUEGK6PAXVCUSMD2GY7UJQ2ALLF24D2FQ2NNQAY5,FUNDER_KNOWN,GAWKH334YIMXL2UGMWZFMBW7QX5JNOGEEV7KEEYY34YHNNIAIUQTQZUA,267053782201049094,create_account,2026-04-18T17:28:53Z,62178304
GBFIJGR7KECNFPZPB6PZJR3NBP4HK5IIZ7GZES7OB4LSWB7OA7JGNELU,CREATION_BEFORE_RETAINED_HISTORY,,248751101191569409,payment,2025-07-09T02:13:38Z,57916879
GBGGTFO2B46XM4YGP3H3IEC7PXFEFKUYKRTI747P2ZT2PNYRBHYDC5LQ,CREATION_BEFORE_RETAINED_HISTORY,,249773281934368769,path_payment_strict_send,2025-07-24T23:05:20Z,58154874
GBGPWAMKVZ54TK6LIYEAZF5MBA3UABQSNDMJUQYOVJ7TY3DLCHI5KB7E,FUNDER_KNOWN,GAWKH334YIMXL2UGMWZFMBW7QX5JNOGEEV7KEEYY34YHNNIAIUQTQZUA,267053782201049146,create_account,2026-04-18T17:28:53Z,62178304
GBGRBCUB6L7LH4JQ6EPDP7REH2DDACMCUQI76M3P6DM52QWU2Z5LIEVW,CREATION_BEFORE_RETAINED_HISTORY,,249469872558645249,path_payment_strict_send,2025-07-20T06:26:01Z,58084231
GBGZMFW6L4HLBN6KWFPA3O7WQ3KSPYXYYHSNIXFN2WFYTZXHFMNHWZTS,CREATION_BEFORE_RETAINED_HISTORY,,248697783467446273,payment,2025-07-08T06:32:25Z,57904465
GBH4XBJ4XKWWNE7MXEID5XJXN4H2F5ENPV6V5L3BITPLZZJUOQKBWLVW,CREATION_BEFORE_RETAINED_HISTORY,,248697813532626945,path_payment_strict_send,2025-07-08T06:33:05Z,57904472
GBHJFFNOJZHUCMLUEJEJXRZBIBKPWAHKMDUUJGBXHWWQJF7JVEW5Q4LS,CREATION_BEFORE_RETAINED_HISTORY,,261447316577058817,payment,2026-01-21T13:40:20Z,60872947
GBHMLQMGGFOW5GQFXM46SJOBQQB4IQ36DEHUZWSF47E3BEP7D2ETGTGY,CREATION_BEFORE_RETAINED_HISTORY,,250241536448008218,payment,2025-08-01T03:48:16Z,58263898
GBIMNAUSOPDS2WPNVMEKTZQQLLHKM7XJDD3EDLDBBIILEVREUVYQR22T,FUNDER_KNOWN,GBXQUJBEDX5TYLJ6D5BGJZFLYF5GZVGXLWA2ZORS5OIA7H6B5O3MHMTP,256489996605325335,create_account,2025-11-06T02:40:24Z,59718731
GBJ5LEAEGYSWO4CZCDHC2I4SZJREHGTM4BU24WOKSD5XWV43MCORFUGJ,CREATION_BEFORE_RETAINED_HISTORY,,248700373332779009,path_payment_strict_send,2025-07-08T07:30:20Z,57905068
GBJ5NOHXGYBE54XIMEBD4CLMCHYZV4D42RV6IHPO44NI5FEDMGTRPAZV,FUNDER_KNOWN,GAUNESML465AXZPHW7T73ZMYWZTAOIVR44MWN2HJ6G6BLCOWNOO3XL6A,273249581763219457,create_account,2026-07-24T04:37:39Z,63620876
GBJAMW27KDP6AUPFVFRM7TUE3RGGBGJCNXE5V4PJ3JLRYCXQ6VNNWTBO,CREATION_BEFORE_RETAINED_HISTORY,,249285665706553345,path_payment_strict_receive,2025-07-17T09:54:33Z,58041342
GBJBAAGOPIUSQJP6EFPQ6FVPACQIK3ZQXUU2V344TCNWLYYAVLVWHPLJ,FUNDER_KNOWN,GAWKH334YIMXL2UGMWZFMBW7QX5JNOGEEV7KEEYY34YHNNIAIUQTQZUA,267053236740178012,create_account,2026-04-18T17:16:49Z,62178177
GBJCXOUYONKHOXAE557LTZPVOD4KHSQTR6RKK4HEDSTRBUVWXTTYEIGI,CREATION_BEFORE_RETAINED_HISTORY,,248697976740999169,path_payment_strict_send,2025-07-08T06:36:49Z,57904510
GBJYLOBZFCXLDEVEKZRLAXTNWRXG4PMCGRYJE3O4YNBFQEFN4ECJFEAI,CREATION_BEFORE_RETAINED_HISTORY,,248698346108338177,path_payment_strict_receive,2025-07-08T06:45:12Z,57904596
GBK66X2J72IK3M46IJXHLU72Y2BLQFFUSUOZU64H2AJK6SIZ53NTKTZ3,CREATION_BEFORE_RETAINED_HISTORY,,248696589467443201,path_payment_strict_send,2025-07-08T06:05:38Z,57904187
GBLAWWOAGK5CLLI5ZHR6TII64HTY4Z243IB5XB22EES5FU5MNY5QVSMC,CREATION_BEFORE_RETAINED_HISTORY,,248930510566481921,path_payment_strict_receive,2025-07-11T21:12:43Z,57958651
GBLKUBEVO32TVGPMCOVD4YC3CYXRSAELNHFUZNBDKC2UAMMCKPACRYFJ,FUNDER_KNOWN,GD3EXP7GTMP7UFHPOR4O24EUH7S6VDKT7UAC4GDGPNFOBU3SAOFCPVTH,253679228271640577,create_account,2025-09-23T18:47:05Z,59064298
GBLLXVVK3LUJTKIZPEBXUUOIHDQO3DNUL7CN4P6OKPLIG5FWFDDAW6NJ,FUNDER_KNOWN,GAWKH334YIMXL2UGMWZFMBW7QX5JNOGEEV7KEEYY34YHNNIAIUQTQZUA,267053782201049089,create_account,2026-04-18T17:28:53Z,62178304
GBLVLKGRDU66WLWY4XRORJXCC4LDZ347AQTUYBEPBABIZTVITW2OAGIP,CREATION_BEFORE_RETAINED_HISTORY,,248695103408840705,path_payment_strict_send,2025-07-08T05:32:51Z,57903841
GBLVUBQIZ57EBUBSL5GFFZ2JFBY676UO7BQJVOMC3NKQNT5HHVK5DZC6,FUNDER_KNOWN,GAWKH334YIMXL2UGMWZFMBW7QX5JNOGEEV7KEEYY34YHNNIAIUQTQZUA,267053258215178311,create_account,2026-04-18T17:17:19Z,62178182
GBMI6IOOJ6MVGTQ245DBFROCPS7CC6WRJZZII3J56U6NCJU4KUIQLTNT,CREATION_BEFORE_RETAINED_HISTORY,,248698238734745601,path_payment_strict_send,2025-07-08T06:42:46Z,57904571
GBMRXFV2L46ZVSYXKQLP5FBSGQEYPXQUHLRGYEQO7XS3RZDOBGFIHV2S,FUNDER_KNOWN,GC6SS62VWK44RJ5GP7536IGVFPIB4IKU3NS4GUDTPOMPFCLMWCKHNAXC,266979608115675137,create_account,2026-04-17T13:50:16Z,62161034
GBNIBHKZ55FLGCBA7S57YAAQ5DSO5B3GMSKNIRZEC5VW6LGTVTPIJ3WV,CREATION_BEFORE_RETAINED_HISTORY,,248759064061526019,payment,2025-07-09T05:09:16Z,57918733
GBNYC2X5GLZGJNWLZK4FDONPCUGY6BUHVCCORSJU7HR5FATHTKKY36U2,CREATION_BEFORE_RETAINED_HISTORY,,251642666448924682,payment,2025-08-23T01:00:14Z,58590124
GBO7VUL2TOKPWFAWKATIW7K3QYA7WQ63VDY5CAE6AFUUX6BHZBOC2WXC,CREATION_BEFORE_RETAINED_HISTORY,,262986907733110785,begin_sponsoring_future_reserves,2026-02-14T16:21:35Z,61231411
GBOA3PJZ3EUWLWLNXPICD57STTQSQKGEKDXNXC2VVPTML7SCQMAYUO3G,CREATION_BEFORE_RETAINED_HISTORY,,248726856101408769,manage_sell_offer,2025-07-08T17:15:06Z,57911234
GBOKE2UYYUPL7YOI2TVYWTGT6ZWD2D7TMJZPGCRRV5VA64TWYNKZHV5J,CREATION_BEFORE_RETAINED_HISTORY,,248698346108563457,path_payment_strict_send,2025-07-08T06:45:12Z,57904596
GBOMCO5L5YFTTOHUCISCHMM6HYSPCTA7YBBJDCKU3Y4RQUAPHBMIVFM3,FUNDER_KNOWN,GCETHWILKC242GHWHCYAI4VAU4D4JZ637XHCAEABW6EVWWDILXNRMPJF,266829224130711553,create_account,2026-04-15T05:49:11Z,62126020
GBOUSVPNE6EHFQU6YQ4ZSADWKPLFTVBFG425WB5RYOE4G4KGEPFCVJKV,FUNDER_KNOWN,GAWKH334YIMXL2UGMWZFMBW7QX5JNOGEEV7KEEYY34YHNNIAIUQTQZUA,267053275395313746,create_account,2026-04-18T17:17:42Z,62178186
GBPEKVNMKISCDTFE3IQ3O7UPLQWNGFSZ42UJX3JDJM2C2LPXZGFCWRG5,FUNDER_KNOWN,GAWKH334YIMXL2UGMWZFMBW7QX5JNOGEEV7KEEYY34YHNNIAIUQTQZUA,267053747841814575,create_account,2026-04-18T17:28:07Z,62178296
GBPFB6XNLDMXQKOFJAH6IRTOMTEUU4ZWFHNRMYWZNXCZEDNE6UU66WSG,CREATION_BEFORE_RETAINED_HISTORY,,248701799261880321,manage_sell_offer,2025-07-08T08:01:58Z,57905400
GBQ7SRTP7PNNSCNZFU3QMI4MJHC7CFAYITF4B2ZRLPUK7R62DJJQDP7K,CREATION_BEFORE_RETAINED_HISTORY,,248696421963759617,manage_sell_offer,2025-07-08T06:01:51Z,57904148
GBQRETL43K64FIVD5TQEZOO64BXIL4CSZP6JF3ZF7UONKPVAQJLTHQVQ,FUNDER_KNOWN,GAWKH334YIMXL2UGMWZFMBW7QX5JNOGEEV7KEEYY34YHNNIAIUQTQZUA,267053275395313698,create_account,2026-04-18T17:17:42Z,62178186
GBQSUT6F2CQ7CDRYCCEBIEZ3HE4D54DUENHAA7TTCASSJEW7AMQGND37,FUNDER_KNOWN,GAWKH334YIMXL2UGMWZFMBW7QX5JNOGEEV7KEEYY34YHNNIAIUQTQZUA,267053223855624255,create_account,2026-04-18T17:16:33Z,62178174
GBQUDR7NE4JFPTMLWYBAMPV2TVWTV7BEV43T4CH5UZSMPLBIIHPWT7FV,FUNDER_KNOWN,GAWKH334YIMXL2UGMWZFMBW7QX5JNOGEEV7KEEYY34YHNNIAIUQTQZUA,267053769316577342,create_account,2026-04-18T17:28:36Z,62178301
GBQWZCV4MKEQD4TQBASV4RTU4HHZWTC5F55HHGIJQ54ZVGCCL322QLIS,CREATION_BEFORE_RETAINED_HISTORY,,249425230668972033,payment,2025-07-19T13:55:23Z,58073837
GBQZJG4OCET7SV56I6IPBHGQAZBVRZBXP4BAS6ICCP56M32S23TQLKII,CREATION_BEFORE_RETAINED_HISTORY,,248698934519263317,payment,2025-07-08T06:58:17Z,57904733
GBR42WC7PKYDU47ONPWFOW6R6KR44VSYO36H2J4OS4S4WROIRR3DDETS,FUNDER_KNOWN,GDAOSV6DSZ75AAYJRGMXH3OB7ON5DX3OP3IILOUPTJARXCPPKT4NTTPJ,254579891503374337,create_account,2025-10-07T14:37:40Z,59274000
GBRG2ADWD6VNHSIV27TEES2MHMNWF7OZBSGG4P3SG3ZRELNXQUXFWMI4,FUNDER_KNOWN,GAWKH334YIMXL2UGMWZFMBW7QX5JNOGEEV7KEEYY34YHNNIAIUQTQZUA,267053283984793639,create_account,2026-04-18T17:17:55Z,62178188
GBRVY6BZVHHGACHOHTHIWXKPRQNWZ6K7SXOPHX2ROQJS22D7UK6JBSB3,CREATION_BEFORE_RETAINED_HISTORY,,248697804942450689,path_payment_strict_send,2025-07-08T06:32:54Z,57904470
GBS74L42WV7BPU4ALVDZQFL3GIWMWURMEFCWRJZQJXZVSSIM4HRYMJVP,CREATION_BEFORE_RETAINED_HISTORY,,248700828599271425,path_payment_strict_send,2025-07-08T07:40:21Z,57905174
GBSCXGQPSKL7EKR6HKLWJ2MTHYZSZIUTO26YZSFMINNYGAB7PUUBZZU2,FUNDER_KNOWN,GAWKH334YIMXL2UGMWZFMBW7QX5JNOGEEV7KEEYY34YHNNIAIUQTQZUA,267053799380619360,create_account,2026-04-18T17:29:16Z,62178308
GBSDXR7QOSTQI46MIEPK2UNLPZOM5CC5DMQQXKES6EFGSQ26ZJMAFHAV,CREATION_BEFORE_RETAINED_HISTORY,,248712712773955585,payment,2025-07-08T12:01:59Z,57907941
GBTEZE3JLLRBS5NFXRPQU675AFLC3L7P2CXDOIM4333AUNCZ2NUA2EKV,CREATION_BEFORE_RETAINED_HISTORY,,248695103408754689,path_payment_strict_send,2025-07-08T05:32:51Z,57903841
GBTVBYH3ZBLGTH5NTEJUEXVT3GPW7A72QDUXCMH3CL2JN2YWU74YD7VB,CREATION_BEFORE_RETAINED_HISTORY,,248696619531960321,path_payment_strict_send,2025-07-08T06:06:18Z,57904194
GBTWHF4V2KFMQ3D3MLC4XBYT3PFH7KXF22GYAPDZF3BHRELD6HHQZU5R,CREATION_BEFORE_RETAINED_HISTORY,,248774740691599361,path_payment_strict_receive,2025-07-09T10:57:44Z,57922383
GBU6CDUCHDLGNT6V3UQEG42VXBR4S7GKFDP5Y2AZGLC4SPS5E2VWRDBG,CREATION_BEFORE_RETAINED_HISTORY,,248695240846938113,path_payment_strict_send,2025-07-08T05:35:52Z,57903873
GBUKH3OWM3XP6BMIBWXPBDEDJACPEMVWZ6QJVNMYP2L2HYAQH34FFVYX,CREATION_BEFORE_RETAINED_HISTORY,,248698200079265793,path_payment_strict_send,2025-07-08T06:41:55Z,57904562
GBUN72VKAVRNXSXNYQENCRRWA556FUTW6XUBYLIF6RBEECXLVNSX3PLS,CREATION_BEFORE_RETAINED_HISTORY,,248697083387990017,path_payment_strict_send,2025-07-08T06:16:37Z,57904302
GBUYVJG3GQRCQMCGRF5NRKF3YBC7D3NCGSEPPIM4GJFHSHDEE7WDEMON,CREATION_BEFORE_RETAINED_HISTORY,,248695150652751873,path_payment_strict_send,2025-07-08T05:33:53Z,57903852
GBUZ7BHRLQSBATYWRDJDLGNLX5ZOYAXR4JW53S6UGO5TEZHRQIX2CYR5,FUNDER_KNOWN,GAB63ICRW45I3OSNO4HDTEGD4GF5J7LU3H6EI4VLF7IQKFGQ6IMJFGGB,263631711173414913,create_account,2026-02-24T18:36:56Z,61381541
GBW6HFWV5A2LA3NCKYTADEELRXTSL67X5IAGRS5WYPXD74XWF63AGTTE,CREATION_BEFORE_RETAINED_HISTORY,,248695923746541569,path_payment_strict_send,2025-07-08T05:50:44Z,57904032
GBWEHIWGW4SD45THPV7ANGWN5QPSGN3L7B2W6BB7AX5PW4EOECTFFZWQ,FUNDER_KNOWN,GDTAOBZRKNGWN7X2EFHCAVPW2TBE6RVZJX3GCH7LRXC7Z3UE27BNPPQB,275356602525409281,create_account,2026-08-25T02:27:30Z,64111455
GBWGVYDWPX3APD77SJ4HFS63VN4IZMHYDRVU6CONEEKJJWPYENU73LIJ,CREATION_BEFORE_RETAINED_HISTORY,,248701679002939393,path_payment_strict_send,2025-07-08T07:59:16Z,57905372
GBWIJMGPBMCAUZSAFWYCXFHSKTXTJ2QHDQNCHBQY7L2ZY5YEJGSRWFOZ,CREATION_BEFORE_RETAINED_HISTORY,,248701391241084929,path_payment_strict_send,2025-07-08T07:52:51Z,57905305
GBWPJ2FNWZOR2FXASPXLQTU5SSR555YFUGZAFGEDZBFC7F3GLRKSPRCV,FUNDER_KNOWN,GAWKH334YIMXL2UGMWZFMBW7QX5JNOGEEV7KEEYY34YHNNIAIUQTQZUA,267053803676442716,create_account,2026-04-18T17:29:22Z,62178309
GBWST4RMEXA2HHWBULOP2VIO3IP5OKNNSI6VMPY5IIULZMGB3MWOBRRG,CREATION_BEFORE_RETAINED_HISTORY,,248698088410136577,path_payment_strict_send,2025-07-08T06:39:20Z,57904536
GBX472CCG7QJINRL6TRNOHK5KR7QR7ORJSYFQAAPWR65UTE54GBRRBTT,CREATION_BEFORE_RETAINED_HISTORY,,248718558224801841,payment,2025-07-08T14:10:35Z,57909302
GBXADPK56MUQGNIMNQXRJT6JY5GQECHXIWPJFH5R2JTZX4TJCUAD53KF,FUNDER_KNOWN,GAWKH334YIMXL2UGMWZFMBW7QX5JNOGEEV7KEEYY34YHNNIAIUQTQZUA,267053782201049113,create_account,2026-04-18T17:28:53Z,62178304
GBXASTWB24TIOS7U235VE2DTA2PA3NO2ZZYCMKMUCXB3H5RGSNSMEDNY,CREATION_BEFORE_RETAINED_HISTORY,,248695472775049217,path_payment_strict_send,2025-07-08T05:40:53Z,57903927
GBXQUJBEDX5TYLJ6D5BGJZFLYF5GZVGXLWA2ZORS5OIA7H6B5O3MHMTP,CREATION_BEFORE_RETAINED_HISTORY,,248695176422240257,path_payment_strict_receive,2025-07-08T05:34:26Z,57903858
GBXX2CONCU4KTEXPJNKKTZ3KK6E3XKDLGHFJR56N7ELSB2Q5WK4ZZ3IZ,FUNDER_KNOWN,GAWKH334YIMXL2UGMWZFMBW7QX5JNOGEEV7KEEYY34YHNNIAIUQTQZUA,267053322639986695,create_account,2026-04-18T17:18:46Z,62178197
GBXXRZAPKL4HIMFA5M36CXURXKT6CV5W6VTOHL5EYDYMB5V7J52RL4UI,CREATION_BEFORE_RETAINED_HISTORY,,248701172197212212,payment,2025-07-08T07:47:58Z,57905254
GBYUUGUONPHLJATWSXDH5JWX77O6OL5YSTUDBZBPQIA6WSOK7VURDB7G,CREATION_BEFORE_RETAINED_HISTORY,,248995231427756033,path_payment_strict_receive,2025-07-12T21:30:35Z,57973720
GBZ7JH7Z6HXKG2V2NHIEGTCFHO7TK6P3ORJIWLQT6PHISQABW2ZD4MXD,CREATION_BEFORE_RETAINED_HISTORY,,248698225849798657,path_payment_strict_send,2025-07-08T06:42:29Z,57904568
GBZAORUBWOPLEAFLJFAMPL35AL5N5OOUYRYUBK3RXWB2MSXG4KFR6YB3,FUNDER_KNOWN,GAWKH334YIMXL2UGMWZFMBW7QX5JNOGEEV7KEEYY34YHNNIAIUQTQZUA,267053283984793623,create_account,2026-04-18T17:17:55Z,62178188
GBZE2MSSASMY6R3O5OTO4EF32EK5CKP26PKLFSLY2LJ6BPQVE2P44TAD,CREATION_BEFORE_RETAINED_HISTORY,,248697804943245313,manage_sell_offer,2025-07-08T06:32:54Z,57904470
GBZEXEP2IQGX5HO4AQZYCGWF7EXEYDDIVR3G6PNZBF4AMM4TPQNWMHI3,CREATION_BEFORE_RETAINED_HISTORY,,248804281476763649,path_payment_strict_receive,2025-07-09T22:02:58Z,57929261
GBZN4CEZ77XEY2FK5TR53U4HPRE2BNXHYXOAOETTUHKMAR3IOFXQ4DCJ,FUNDER_KNOWN,GAWKH334YIMXL2UGMWZFMBW7QX5JNOGEEV7KEEYY34YHNNIAIUQTQZUA,267053747841814573,create_account,2026-04-18T17:28:07Z,62178296
GBZXTCJWTATGNP6AV7EAV7Q4L5YGBGWNETVMURVLHMJGW22XYCNMJAPD,CREATION_BEFORE_RETAINED_HISTORY,,248748476966641665,path_payment_strict_receive,2025-07-09T01:15:32Z,57916268
GBZZ54B3DHLBMWDRD7BNQLPVV23VVQE2SJADNPMCMF4E4DQB6VJNFB2C,CREATION_BEFORE_RETAINED_HISTORY,,248701051937714177,path_payment_strict_send,2025-07-08T07:45:20Z,57905226
GC2HIRGVNCKHGOOVF666EBFDEUZTFYUKXT4OQ6FRV3UUPFEDXY63KJB7,FUNDER_KNOWN,GAWKH334YIMXL2UGMWZFMBW7QX5JNOGEEV7KEEYY34YHNNIAIUQTQZUA,267053258215178285,create_account,2026-04-18T17:17:19Z,62178182
GC2NSWPYDKVVEKG5GWH7KB53NXI252LDGEPBWUVJVSJZSPUBBDZWS5A5,CREATION_BEFORE_RETAINED_HISTORY,,248696563698081793,path_payment_strict_send,2025-07-08T06:05:04Z,57904181
GC2TNFQKT7ELD6EY5E37UZKFBRF7MULL2SL7NQNAJSKTJFLNANI4CKPD,CREATION_BEFORE_RETAINED_HISTORY,,248698260208971777,path_payment_strict_send,2025-07-08T06:43:15Z,57904576
GC2W45W562OCL6SBF7P5PH4WJM2SD4VMZFDIL7J3VXPMKDKHC7BWY2Z7,FUNDER_KNOWN,GAWKH334YIMXL2UGMWZFMBW7QX5JNOGEEV7KEEYY34YHNNIAIUQTQZUA,267053301164834823,create_account,2026-04-18T17:18:18Z,62178192
GC34DTUHZRTCPXQNYXQS6CHYWVCO2XAG5JX4R2Y5K6UN5YICIGLFLDZ6,FUNDER_KNOWN,GAWKH334YIMXL2UGMWZFMBW7QX5JNOGEEV7KEEYY34YHNNIAIUQTQZUA,267053318344409134,create_account,2026-04-18T17:18:40Z,62178196
GC3OJAH2NSWARS2LS356QSDTTXXRENMBEO56INPZ56BLMJHTOUD3MNIP,CREATION_BEFORE_RETAINED_HISTORY,,248697761993388033,path_payment_strict_send,2025-07-08T06:31:55Z,57904460
GC4JIUAMG5ZWNF63PRMJ4TD5XBGKK6YRFLS5MGQXLLCINDVTLXK44N2L,FUNDER_KNOWN,GAWKH334YIMXL2UGMWZFMBW7QX5JNOGEEV7KEEYY34YHNNIAIUQTQZUA,267053803676442692,create_account,2026-04-18T17:29:22Z,62178309
GC5HRRQSOD6SFDMMCZZDVEOIC7AJYWX756MWIKQZU5HJ2S2SKBRGDODM,FUNDER_KNOWN,GDHF3HIKWM5KJAVLZBSZWUFDOEOT7IBMY22UXG4QBE326O354INLPAND,265450251865960449,create_account,2026-03-24T22:12:38Z,61804953
GC5KTDTXYKXOMC3D4DAGHUC3KZKA4KBLSOQLY435ZUQ5NMF2WGAJ6GYO,CREATION_BEFORE_RETAINED_HISTORY,,248697049028124673,path_payment_strict_send,2025-07-08T06:15:51Z,57904294
GC5PAYYRKLADO4FOV4T3K7HVHZRTRXHNLPZEXVKRVISPA7TXT36XKIRU,CREATION_BEFORE_RETAINED_HISTORY,,248698947403857944,payment,2025-07-08T06:58:34Z,57904736
GC6ANIKIBYRRDKCUBBIAIN6WL5JWNSJFNDKDWDDK6IVKD2MI65SIOJOP,CREATION_BEFORE_RETAINED_HISTORY,,248701601693732865,path_payment_strict_send,2025-07-08T07:57:32Z,57905354
GC6DXBZRACTFLA542BRQAG5ZUMYMX534BSBPY7NGS6UG5B6SJAGXE2BD,CREATION_BEFORE_RETAINED_HISTORY,,248699170742030337,path_payment_strict_send,2025-07-08T07:03:31Z,57904788
GC6GSROYCNP5O5OZJTMRS3SFVTCKFINXF3MPYB3XSWUMPI3MZHGO5SAV,FUNDER_KNOWN,GAWKH334YIMXL2UGMWZFMBW7QX5JNOGEEV7KEEYY34YHNNIAIUQTQZUA,267053283984793638,create_account,2026-04-18T17:17:55Z,62178188
GC6SXHEYSROFQ44IX43S26H62IISBCJT43BVFDA2MHEK6WAUV5N2DQG5,FUNDER_KNOWN,GAWKH334YIMXL2UGMWZFMBW7QX5JNOGEEV7KEEYY34YHNNIAIUQTQZUA,267053223855624226,create_account,2026-04-18T17:16:33Z,62178174
GC6ZZIKIVST24LRCHKFGGLK4EVUGPVZWIOWJYDG2MUIBWQIMZICEJW64,CREATION_BEFORE_RETAINED_HISTORY,,248695537200680961,path_payment_strict_send,2025-07-08T05:42:18Z,57903942
GC76CEMSUOGD6QZUDQZI5XPH5B3GKXRCDPDCO2NSEPJU3TVOPAOHLUBN,FUNDER_KNOWN,GAWKH334YIMXL2UGMWZFMBW7QX5JNOGEEV7KEEYY34YHNNIAIUQTQZUA,267053756431126610,create_account,2026-04-18T17:28:19Z,62178298
GC7GF2XD64OLJFTYQAL3C6C24YFA37XC3MZAXKK7OSHTA26NB6QJHTSS,FUNDER_KNOWN,GAOSRIAOLSSQHG7AAXMHQ46SYLJHVVE672ZG7OQDSDXN7MF2WZHVNUAZ,274879680766918657,create_account,2026-08-17T20:19:20Z,64000413
GC7HJQVVBGYPTSJ5JGNAR6O4VCNA3AD5BW3FBTHUNB7ATUOKT4ZJ2TNR,FUNDER_KNOWN,GAWKH334YIMXL2UGMWZFMBW7QX5JNOGEEV7KEEYY34YHNNIAIUQTQZUA,267053288280211497,create_account,2026-04-18T17:18:00Z,62178189
GC7JP2QSRAVGVOH33T7VUGAH2NW5KN6YLDDR3NEMLRFUXWA32CIIL4ED,CREATION_BEFORE_RETAINED_HISTORY,,248695348221214721,path_payment_strict_send,2025-07-08T05:38:13Z,57903898
GC7KIV7YN26V4YV5IPSEIFSCV6TKRQ3C6E2MZHDE7OFZGGPYW4OSRE66,CREATION_BEFORE_RETAINED_HISTORY,,249773226098851841,path_payment_strict_send,2025-07-24T23:04:07Z,58154861
GCAVRF4BQV5KHAJWUXPTSPZWPQCSXWWZBGP6YDCAWV5ZFZQN4OYN6QVC,CREATION_BEFORE_RETAINED_HISTORY,,248697946676154369,path_payment_strict_send,2025-07-08T06:36:10Z,57904503
GCB3IRBCQTYAUVZ4WJ5WYRBITVSHHI77KTOHA63KPWRNRMG3PUL6XWWW,CREATION_BEFORE_RETAINED_HISTORY,,248695343925964801,path_payment_strict_send,2025-07-08T05:38:07Z,57903897
GCBL7C6J5FXVM4S6VUNMUK3WR4DOZQVHXNC5QTFK6CTDXCZZ3IIYD7LC,FUNDER_KNOWN,GAWKH334YIMXL2UGMWZFMBW7QX5JNOGEEV7KEEYY34YHNNIAIUQTQZUA,267053283984793603,create_account,2026-04-18T17:17:55Z,62178188
GCCIR6PVN5NKJHVW7X4UFLQ7XRPWPKBJHUI7L3JADR6QCS4EZOKWKHNI,FUNDER_KNOWN,GAWKH334YIMXL2UGMWZFMBW7QX5JNOGEEV7KEEYY34YHNNIAIUQTQZUA,267053283984793643,create_account,2026-04-18T17:17:55Z,62178188
GCD3Y47RXFP3T535AQJXEPEXNCNQVTVGIBBVYWGF2XED42NBED2VW7W7,CREATION_BEFORE_RETAINED_HISTORY,,248946036872634369,path_payment_strict_receive,2025-07-12T03:04:39Z,57962266
GCD4ATZUUK4BARGXSZY3AIOV5AB5A3BAOCVDEJGSL7B2XCHAHXSJJA4J,FUNDER_KNOWN,GAPU4WSJMFW6Q4G5CLADCNWFIAOGTCC5XXY3DVUA23W7ZPUIYSSGXLIQ,263468098688991233,create_account,2026-02-22T05:20:09Z,61343447
GCDO6BTDTZSTXVKVI47EWDRD2MUP6YWJOCN6EWTUD7CU6QPVKZHBMD62,FUNDER_KNOWN,GAWKH334YIMXL2UGMWZFMBW7QX5JNOGEEV7KEEYY34YHNNIAIUQTQZUA,267053236740177986,create_account,2026-04-18T17:16:49Z,62178177
GCE5OBG3DUMSL5SJAN2XI7DOIQ6DTJZEG53YGWFE2SHHFYOM262SARYO,FUNDER_KNOWN,GAWKH334YIMXL2UGMWZFMBW7QX5JNOGEEV7KEEYY34YHNNIAIUQTQZUA,267053223855624201,create_account,2026-04-18T17:16:33Z,62178174
GCEETSI6ZGG3CS37YUFAUKCCJSCOILXL43JOJVZ435KBJ5NICDYY4EMP,CREATION_BEFORE_RETAINED_HISTORY,,248695103408152577,payment,2025-07-08T05:32:51Z,57903841
GCELM4OEE6GN3Z4YGI6RUG3UT7HMHWPQ4RZHZYLEC6FZM7HU3ONIIYD2,FUNDER_KNOWN,GB77C7CHJQGWNMDPWRXXN5KMS55K5SSERBGND4GGCYDDBLC52FEKHUOR,274206972923215873,create_account,2026-08-07T16:29:50Z,63843786
GCFU7JYJXYGYAESELSRTTUZS3L2XZKWY2GBF7DOVI5CYIXNFXRTGZTCT,FUNDER_KNOWN,GAWKH334YIMXL2UGMWZFMBW7QX5JNOGEEV7KEEYY34YHNNIAIUQTQZUA,267053782201049162,create_account,2026-04-18T17:28:53Z,62178304
GCFWLSASTPE6LX5D3G7EB3A5SUEUYZWT6IPAPKQBGWIFHU74NXTEVKAN,FUNDER_KNOWN,GDTAOBZRKNGWN7X2EFHCAVPW2TBE6RVZJX3GCH7LRXC7Z3UE27BNPPQB,272746361919660033,create_account,2026-07-16T13:36:58Z,63503711
GCGF6JOXXSOVSQKLUHSSQ4X6D7Z32SGFSOVMYAANE3EO3MATWSGRA6PP,FUNDER_KNOWN,GDJTIX3XYRZFQZCES5TI6Z5ZWZZFHUP7KQVTTIFM2Y6M7M6L6RM2WR4B,268276185728065537,create_account,2026-05-07T18:26:33Z,62462917
GCGLGYV3HTWUDR6MSCIFTRORIGJZ2TW2PKRYZIKVMPEQNUQL4IOXBUOT,FUNDER_KNOWN,GAWKH334YIMXL2UGMWZFMBW7QX5JNOGEEV7KEEYY34YHNNIAIUQTQZUA,267053756431126623,create_account,2026-04-18T17:28:19Z,62178298
GCGRCBNEH7W3WJZYHGVRCWJKUXEUOYA5BZMG3LYGW3WE7M3D4EARF7CI,FUNDER_KNOWN,GAWKH334YIMXL2UGMWZFMBW7QX5JNOGEEV7KEEYY34YHNNIAIUQTQZUA,267053223855624196,create_account,2026-04-18T17:16:33Z,62178174
GCH4AQIEOHPYDILRYXOHRDCUJ4HPY276SPQPJGNYOKU3C25C3KBBHM2O,CREATION_BEFORE_RETAINED_HISTORY,,248759270219542530,payment,2025-07-09T05:13:53Z,57918781
GCH6N3OXZ5RXW5O3XREFW7OW7F7XKLWNGBWSVXZTVQN5NJJIK6CBT6NV,FUNDER_KNOWN,GAWKH334YIMXL2UGMWZFMBW7QX5JNOGEEV7KEEYY34YHNNIAIUQTQZUA,267053223855624218,create_account,2026-04-18T17:16:33Z,62178174
GCHDFE4G6PXFSX2JDWHTKZXNYAV5DKMIQZ46WBFNNFT3KMU5BGE632PH,CREATION_BEFORE_RETAINED_HISTORY,,248697057618378753,path_payment_strict_send,2025-07-08T06:16:03Z,57904296
GCHIITVOZET6DLJGCKRN2UOV3SLPMVUO5L33ZLTNNYEC54TKDJCTBCM4,CREATION_BEFORE_RETAINED_HISTORY,,248696331768844289,path_payment_strict_send,2025-07-08T05:59:45Z,57904127
GCHIP6CHE7S2FDGCZETZPCKDIM5ADKWGQZWJ3D3IB6OXPAUTPHABTJOO,FUNDER_KNOWN,GAWKH334YIMXL2UGMWZFMBW7QX5JNOGEEV7KEEYY34YHNNIAIUQTQZUA,267053756431126602,create_account,2026-04-18T17:28:19Z,62178298
GCHX3VF5FSS53K5QU53WQ3JSO7L4CMUCFSNVCWP647JM2A524PM4RP2B,CREATION_BEFORE_RETAINED_HISTORY,,248695451300163585,path_payment_strict_send,2025-07-08T05:40:26Z,57903922
GCI52IP25LJRMAMETQJB2MRVOXJ7RGJR4SBTWDQBAMRA5TEEUGVGOBMS,FUNDER_KNOWN,GBAMEXG5GVDFPEYKW3BLOZHZC2QN7K6DI5DN6EHP5WX4U3AZQENSMECJ,262653656926031873,create_account,2026-02-09T10:55:33Z,61153820
GCI7VPW6YVDDW5XMZLBI52GKVAFEDLI23NCPMGICUIPAPQZ7UVRE7S5M,CREATION_BEFORE_RETAINED_HISTORY,,248699900886741072,payment,2025-07-08T07:19:45Z,57904958
GCIBHMCJ56ND3AMDOSL6LUW4ZL3664C4Y5AZKPCOXTVXQ7WJPUGN43H2,FUNDER_KNOWN,GB77C7CHJQGWNMDPWRXXN5KMS55K5SSERBGND4GGCYDDBLC52FEKHUOR,274208411736903681,create_account,2026-08-07T17:01:16Z,63844121
GCIMGUEF7AUB3JMN7MFNOHCS52E2GMSIW7DAWDFR4QWKQN662QBQ32P6,CREATION_BEFORE_RETAINED_HISTORY,,248696237279707137,path_payment_strict_send,2025-07-08T05:57:43Z,57904105
GCIPOV467NDSAUI3FEOLXXVTRQRZZE5OMG4WHJP6LO345XKORALYRQSZ,CREATION_BEFORE_RETAINED_HISTORY,,248696078365589505,path_payment_strict_send,2025-07-08T05:54:07Z,57904068
GCIUEVQFFBMC5EQIFVNWZRLLUEXFGMBD7NDJ7ZMNS6W6TP4DJG54S6ZS,CREATION_BEFORE_RETAINED_HISTORY,,248701283866075137,path_payment_strict_send,2025-07-08T07:50:27Z,57905280
GCIXT2EIIZKNAHXHZLIJYM7K3PT3N5GPZR2GHMDSMM5BANBPZ4NPKTJQ,FUNDER_KNOWN,GAWKH334YIMXL2UGMWZFMBW7QX5JNOGEEV7KEEYY34YHNNIAIUQTQZUA,267053782201049129,create_account,2026-04-18T17:28:53Z,62178304
GCJTC2GOYEZ6NYJBHWZ4C2JKQLTFS2AVFMO5AJ6OLWSY6JRL2I2FL3ZX,FUNDER_KNOWN,GDKDVEJZGOWWLSNBM7JUUUA4GGWFHNFPYFHM6TSKPFC44773OESC7OVT,273192772231057409,create_account,2026-07-23T07:56:27Z,63607649
GCJTMIIFEFPWI6DKRDNW5SDHCEAOZRZ4EM3T7KE6ZY53AEDRVPFZQWPP,CREATION_BEFORE_RETAINED_HISTORY,,248701361175183361,path_payment_strict_send,2025-07-08T07:52:12Z,57905298
GCKDNR2TIAEVJM2CVZISRMI6FT5SHVVHRRDKTNKZHSFGFG542U7GMIET,FUNDER_KNOWN,GCQJ7S55OJ3X5Q3B5GVRW4Q5WHUSL47LDUXQKXR7MWSRE7QQITKSEBRQ,272358324509417473,create_account,2026-07-10T11:54:49Z,63413364
GCKYL647WGF2UI3T2GKBT75CCUQD4TD2F3DC5C4H5JXXBCOY7AQZ6TGI,CREATION_BEFORE_RETAINED_HISTORY,,248696658185961473,path_payment_strict_send,2025-07-08T06:07:10Z,57904203
GCL3DYH4S32NEL4IDZZG5AIQUTKTXJRYUJN3MBPNFZBDD37ESBXAWIYU,CREATION_BEFORE_RETAINED_HISTORY,,248697577309634575,payment,2025-07-08T06:27:45Z,57904417
GCL47PX4FLXB3OFQQYAON54L6UVLGQACGIAZP4ZPRQKRFSMTAS4W4TVE,CREATION_BEFORE_RETAINED_HISTORY,,248701219441311745,path_payment_strict_send,2025-07-08T07:49:01Z,57905265
GCL6UVN4ASGGU74HNVDYBS366GJGO3ZETPL4CWRZF5ZP4TV6B4YIVC25,FUNDER_KNOWN,GAWKH334YIMXL2UGMWZFMBW7QX5JNOGEEV7KEEYY34YHNNIAIUQTQZUA,267053322639986700,create_account,2026-04-18T17:18:46Z,62178197
GCL7VFTXZDIREDLMQUUNLX7O2J6YTONAHMUHOVHIXSLV6CR2DCNOJL63,FUNDER_KNOWN,GAWKH334YIMXL2UGMWZFMBW7QX5JNOGEEV7KEEYY34YHNNIAIUQTQZUA,267053249625313291,create_account,2026-04-18T17:17:07Z,62178180
GCLG7DRPJLZVK43AFXGPYI7FIHHQ357H4K44AY5BQUDG3SJK6WCYSUUA,CREATION_BEFORE_RETAINED_HISTORY,,248698595216711704,payment,2025-07-08T06:50:48Z,57904654
GCMTBEE6MJA5S6BXG7PUCPM7XF2OSKUDRFCQKK6UR3KEU3TCQOUHS6F2,CREATION_BEFORE_RETAINED_HISTORY,,248696104138653697,path_payment_strict_send,2025-07-08T05:54:43Z,57904074
GCMURV6UYMCP44LV7MLMF3WWCPDPYV5WT43RP5OP4NLKRDFLT6KJKTHX,CREATION_BEFORE_RETAINED_HISTORY,,248695116293197825,payment,2025-07-08T05:33:09Z,57903844
GCNEN4BOGADD42GLLQGA2UOXW5WVBLVCKTG66MQ6UFSB5XH4STG2FKCN,FUNDER_KNOWN,GAPU4WSJMFW6Q4G5CLADCNWFIAOGTCC5XXY3DVUA23W7ZPUIYSSGXLIQ,263467944070541313,create_account,2026-02-22T05:16:41Z,61343411
GCNF5GNRIT6VWYZ7LXUZ33Q3SR2NUGO32F5X65VVKAEWWIQCKGYN75HB,FUNDER_KNOWN,GBO7VUL2TOKPWFAWKATIW7K3QYA7WQ63VDY5CAE6AFUUX6BHZBOC2WXC,263452903094652929,create_account,2026-02-21T23:35:54Z,61339909
GCNOSN42JYIZWXIJR3L3I6LINED2GPODPZ2GO6WMPWR7UQI5XJKQY4SF,FUNDER_KNOWN,GAWKH334YIMXL2UGMWZFMBW7QX5JNOGEEV7KEEYY34YHNNIAIUQTQZUA,267053756431126593,create_account,2026-04-18T17:28:19Z,62178298
GCNY5R4CLZYKW44E5R7SFWY65WHYBDKACOLAMON3LVEFEXA47AUHYC6D,FUNDER_KNOWN,GAWKH334YIMXL2UGMWZFMBW7QX5JNOGEEV7KEEYY34YHNNIAIUQTQZUA,267053288280211505,create_account,2026-04-18T17:18:00Z,62178189
GCO2LXEVTWW6EINKBBYZV46MRKXJDHZIQ2NIP3CNPADKEDH57U4PH242,FUNDER_KNOWN,GAPU4WSJMFW6Q4G5CLADCNWFIAOGTCC5XXY3DVUA23W7ZPUIYSSGXLIQ,263468223243186177,create_account,2026-02-22T05:22:58Z,61343476
GCO45COWIBDZEGJ3DRGDGCCCJXK777F2S6D6HXQKXVB3EKQVCQU7B2WA,CREATION_BEFORE_RETAINED_HISTORY,,248695103408025601,path_payment_strict_receive,2025-07-08T05:32:51Z,57903841
GCP7AABE54MNRUUE5QXLF4XSV3HLNYGUTC6A4GNAESEISO4KNWLJNB2W,CREATION_BEFORE_RETAINED_HISTORY,,248695412645683201,path_payment_strict_send,2025-07-08T05:39:36Z,57903913
GCQEFBTWQMZMKS2PAFUKQN7QE5YQ4SFSU5PTRAV7WETVT6LNKDE5ARA7,CREATION_BEFORE_RETAINED_HISTORY,,248722410810818621,payment,2025-07-08T15:35:28Z,57910199
GCQFKEQVWWZN2FNR3VY4VDWHUYJ326WJGVJNZJCDVBGVSRH423F37FIY,CREATION_BEFORE_RETAINED_HISTORY,,248696198624722945,path_payment_strict_send,2025-07-08T05:56:51Z,57904096
GCROB2O5QFBJ7DZZ6FMJNMGVCF7TGGJMUMY56G6LMTNTQ3FLCJ6XBDTR,CREATION_BEFORE_RETAINED_HISTORY,,249851781050753025,payment,2025-07-26T04:07:16Z,58173151
GCSE65WDSG2NHU25OVRV56ZQSINOPC22MUJRY5KXEHKKGRFEH7XYR7DA,FUNDER_KNOWN,GDKDVEJZGOWWLSNBM7JUUUA4GGWFHNFPYFHM6TSKPFC44773OESC7OVT,274073339310616577,create_account,2026-08-05T15:50:39Z,63812672
GCSFNL77UJBRZHIPHFZDEOOWDYC6JTZS7LMQ7W64KP3SVWUJSKHKCZYH,FUNDER_KNOWN,GAWKH334YIMXL2UGMWZFMBW7QX5JNOGEEV7KEEYY34YHNNIAIUQTQZUA,267053283984793691,create_account,2026-04-18T17:17:55Z,62178188
GCSM6QASLFOSOPBOQLOQ3YBOJOZQBHVLXCP3PWCUNB2X342IX2HQ622F,FUNDER_KNOWN,GDJSH2NU2WF6J4P5DL4522DUCABWSTZOKFQ7BHBCFYQ3QKC6FRYWP6OL,262213654706147329,create_account,2026-02-02T15:06:23Z,61051374
GCSMTICKXA7356W77QED3HUMQPDC34TDU47G3P6NJWJWD24UJHWX6KDK,CREATION_BEFORE_RETAINED_HISTORY,,248696293114327041,path_payment_strict_send,2025-07-08T05:58:55Z,57904118
GCSO6DAFG52JZDJOB2ZXY3FZBCFJIEINR2BXNA2TTTCMFAOL5SQMIPW6,CREATION_BEFORE_RETAINED_HISTORY,,248695103408959489,path_payment_strict_send,2025-07-08T05:32:51Z,57903841
GCSOQCCAIWVOQFIQW2MGWIG2M3QKSRLP7BPLWQPL3QRI463SR6V73IL3,FUNDER_KNOWN,GAWKH334YIMXL2UGMWZFMBW7QX5JNOGEEV7KEEYY34YHNNIAIUQTQZUA,267053249625313303,create_account,2026-04-18T17:17:07Z,62178180
GCSQCCXEUY3BN5EHEKOUGGM3GJQT3SNZ7LZQV2FBG633KRJFSJHZ5LWJ,FUNDER_KNOWN,GAWKH334YIMXL2UGMWZFMBW7QX5JNOGEEV7KEEYY34YHNNIAIUQTQZUA,267053309754581033,create_account,2026-04-18T17:18:29Z,62178194
GCTBR665RTZ5LCPBOJXRPEKQFFACNOP5TGUPD5Y3XDX76HQL2527ZVGA,FUNDER_KNOWN,GAWKH334YIMXL2UGMWZFMBW7QX5JNOGEEV7KEEYY34YHNNIAIUQTQZUA,267053288280211523,create_account,2026-04-18T17:18:00Z,62178189
GCTDUG2CEQFTD5PMAF7LTN3IIIJYGB64JQHKKYINNJ3SXGWUB6ZSEGKH,CREATION_BEFORE_RETAINED_HISTORY,,248698505021972481,path_payment_strict_send,2025-07-08T06:48:43Z,57904633
GCU5FO2DZV7MEYNEF55L7XK4E5RTH3CNRVXOVNTPAVX7A2TCXBRJAXQI,FUNDER_KNOWN,GAWKH334YIMXL2UGMWZFMBW7QX5JNOGEEV7KEEYY34YHNNIAIUQTQZUA,267053249625313301,create_account,2026-04-18T17:17:07Z,62178180
GCU77LBFREH3TW7V4UBPIMR35X5SKY45A57SGCJNEVERCHV5PHFOJLQD,FUNDER_KNOWN,GAWKH334YIMXL2UGMWZFMBW7QX5JNOGEEV7KEEYY34YHNNIAIUQTQZUA,267053283984793604,create_account,2026-04-18T17:17:55Z,62178188
GCUG6ZQIVQ3SJNCLI4P7FALJODPBIBWGCDFOQ2YYQR7AS7ZROXRGPCTE,CREATION_BEFORE_RETAINED_HISTORY,,248696035416043527,payment,2025-07-08T05:53:10Z,57904058
GCUGGUUROQ7QBP2AYYR5KL42ZF3UHCL66JET7I7LRKSE3QVQWWYIK6NM,CREATION_BEFORE_RETAINED_HISTORY,,248713859530473568,payment,2025-07-08T12:27:06Z,57908208
GCUVDXZCDNQJJAVJ74LJA7SK66VL465K6MNBXJ3C4YTEFOTVXDNFMR3X,FUNDER_KNOWN,GAWKH334YIMXL2UGMWZFMBW7QX5JNOGEEV7KEEYY34YHNNIAIUQTQZUA,267053258215178335,create_account,2026-04-18T17:17:19Z,62178182
GCUZKSE26DZT3ZUVQOF3CW5HTVOK2GXCSJLRNLJZLRPKLX4WVTPS6UKA,FUNDER_KNOWN,GAWKH334YIMXL2UGMWZFMBW7QX5JNOGEEV7KEEYY34YHNNIAIUQTQZUA,267053803676442712,create_account,2026-04-18T17:29:22Z,62178309
GCVGDJERNRFP5OE22QBCRKT4WXAXA2A7O5NUSQPQG5C3ZIXV6AGUC6UE,FUNDER_KNOWN,GAWKH334YIMXL2UGMWZFMBW7QX5JNOGEEV7KEEYY34YHNNIAIUQTQZUA,267053799380619342,create_account,2026-04-18T17:29:16Z,62178308
GCVOKGO6CFRNEIQ4Q5BUIVPXY3TLPEK3AYGCRWGXDY7O34MUQU73ZXLM,CREATION_BEFORE_RETAINED_HISTORY,,248695708998184961,path_payment_strict_send,2025-07-08T05:46:01Z,57903982
GCWML6QHUH7XANAJENKHHMTEUXMGEP7CHQXHBQXMN26AFNAJGMHGJ2RI,CREATION_BEFORE_RETAINED_HISTORY,,250230657295356001,payment,2025-07-31T23:45:13Z,58261365
GCXA3SIA4TCV3KZGEYLGHMKZUR27M5JRTQ3VG2HPBIPIOCALGPHQOAFL,CREATION_BEFORE_RETAINED_HISTORY,,248909173168373761,path_payment_strict_receive,2025-07-11T13:00:35Z,57953683
GCXBUC4HLNIC4XANT4QBUH363VMJJUMEM72KYLBV7OCHBFBL63QTX5NZ,CREATION_BEFORE_RETAINED_HISTORY,,248703319680659535,payment,2025-07-08T08:35:43Z,57905754
GCXM45I5WJU3T76VXPQWJR4JEWIEFOMX4YBPFJOCTEQGW6LQ6HEVPOGW,CREATION_BEFORE_RETAINED_HISTORY,,248695103408443393,path_payment_strict_send,2025-07-08T05:32:51Z,57903841
GCXPKPVYD7IOOEA6C4ADEIM4I4JCGHYZC4QWN4P2I7YEQZ637VJVHEPF,FUNDER_KNOWN,GAWKH334YIMXL2UGMWZFMBW7QX5JNOGEEV7KEEYY34YHNNIAIUQTQZUA,267053249625313295,create_account,2026-04-18T17:17:07Z,62178180
GCXPS7AVWSHBCUOIEGIOOJBKZWRKOUTT26MGUNBFN3XB3X3JV3XVBH3Y,CREATION_BEFORE_RETAINED_HISTORY,,248696185740906497,path_payment_strict_send,2025-07-08T05:56:34Z,57904093
GCXV6EEBS7ICNTDTPWN2NMCTAG3LTXEHN4PLHUS6MFUKCB4BKAIOZLNX,CREATION_BEFORE_RETAINED_HISTORY,,248794707994583041,payment,2025-07-09T18:29:02Z,57927032
GCY34T2BOD7KOJXXMBHXSGS7XEX6T3TOBYI4YFFCXO3RX5WO7AWX3MS3,CREATION_BEFORE_RETAINED_HISTORY,,248696258754326529,path_payment_strict_send,2025-07-08T05:58:11Z,57904110
GCY77BKLKL5FIYQA2A4SWYMV5UJ4INIXLT7MA27QD45ZMRDCL64NNHCN,FUNDER_KNOWN,GAWKH334YIMXL2UGMWZFMBW7QX5JNOGEEV7KEEYY34YHNNIAIUQTQZUA,267053301164834831,create_account,2026-04-18T17:18:18Z,62178192
GCY7AY7OOO2XKZUCKLOZL3MJ62DW5UNL3ISFWDEDEEJM7JFGYZEUS55Z,CREATION_BEFORE_RETAINED_HISTORY,,248695116293730305,path_payment_strict_send,2025-07-08T05:33:09Z,57903844
GCYESJ4TVBLMDC7HWGEOK36SXYWGINES7DFAKKEA3DKP23DV6MY7GE32,FUNDER_KNOWN,GAWKH334YIMXL2UGMWZFMBW7QX5JNOGEEV7KEEYY34YHNNIAIUQTQZUA,267053790790893602,create_account,2026-04-18T17:29:04Z,62178306
GCZZNDQZU5EPURTF4RNKMJQ7UHONFQYWHSA4QUEOQ7436NYRDSLOL24B,CREATION_BEFORE_RETAINED_HISTORY,,248696537927491585,path_payment_strict_send,2025-07-08T06:04:28Z,57904175
GD327MCKE45GYHWG22L7EJFULEUDMNOWGWW5WFBE5QD3CYLCI44XITXN,CREATION_BEFORE_RETAINED_HISTORY,,248697023258791937,path_payment_strict_send,2025-07-08T06:15:16Z,57904288
GD3BLBNPKS24RH3DF7THSO3R2QXJYRIEIIFPE6A2NFS7TZFFDW2RNPZB,CREATION_BEFORE_RETAINED_HISTORY,,248710079959445550,payment,2025-07-08T11:04:00Z,57907328
GD3EXP7GTMP7UFHPOR4O24EUH7S6VDKT7UAC4GDGPNFOBU3SAOFCPVTH,CREATION_BEFORE_RETAINED_HISTORY,,248696379013730314,create_claimable_balance,2025-07-08T06:00:52Z,57904138
GD3SOHI26CNBYXC6EEO4AH2MA4WB7V75WREGRSMDN63Q4X6HX3F4YA7M,FUNDER_KNOWN,GCETHWILKC242GHWHCYAI4VAU4D4JZ637XHCAEABW6EVWWDILXNRMPJF,272209473828081665,create_account,2026-07-08T03:52:30Z,63378707
GD3Y5MLKUS67ELFGXIR2QDHB7IWMRMYL7AUJ5TDMZ5HHESRQYFZWF4YT,FUNDER_KNOWN,GB77C7CHJQGWNMDPWRXXN5KMS55K5SSERBGND4GGCYDDBLC52FEKHUOR,273609087705960449,create_account,2026-07-29T15:20:54Z,63704580
GD453YGMB3QHK37GT3QEXXARBDBSEETPTDTTQ35MUX2U2KBPATTVELQF,CREATION_BEFORE_RETAINED_HISTORY,,249979947170140161,path_payment_strict_receive,2025-07-28T03:15:58Z,58202992
GD4DLTV2XHI7CN5CHAHEYWAOEUQOFCAYNR6GU2IV27BYIILEAN4YDLZQ,CREATION_BEFORE_RETAINED_HISTORY,,248711797946331229,payment,2025-07-08T11:41:48Z,57907728
GD4ME43FCOZC4XJ5DZ4V4TH7O37QS4U6RR52AMK7AHADCE466C36B7DX,FUNDER_KNOWN,GAWKH334YIMXL2UGMWZFMBW7QX5JNOGEEV7KEEYY34YHNNIAIUQTQZUA,267053756431126625,create_account,2026-04-18T17:28:19Z,62178298
GD4QG26JDC3KIQDRCT5X37TTGBDH35WKE2QF6L2JACCP4YOKOG3VRRDZ,FUNDER_KNOWN,GAWKH334YIMXL2UGMWZFMBW7QX5JNOGEEV7KEEYY34YHNNIAIUQTQZUA,267053283984793649,create_account,2026-04-18T17:17:55Z,62178188
GD4VPFTY7OLUQEQEBUV7UUXWBBAWGTEGGAZMAFRFFVJF7TVZWUUVSKJQ,CREATION_BEFORE_RETAINED_HISTORY,,248697946676752385,path_payment_strict_send,2025-07-08T06:36:10Z,57904503
GD5OOT3AGLT3C367PYVF3MF7LFW52W3CEKHH7TTVSCNWGPAT3C2CXBSV,CREATION_BEFORE_RETAINED_HISTORY,,249073150724358145,path_payment_strict_receive,2025-07-14T02:46:45Z,57991862
GD65DN6DGIGCJNINS73HUMLTFM47ES7F3UYSS7IVQKFVNWPLEDS33M4Y,FUNDER_KNOWN,GBN6I2F3MHWEKBPDIFUNC4JEQD6OBLFLR2QERVBDJ7AUJEQYMLVVJ7XS,267501931973881857,create_account,2026-04-25T16:15:35Z,62282647
GD66S6GSKYTXZ5BT4RIYTBEBOE7WBPNIJB62SLYCAJNKDUS6F67SCEUI,CREATION_BEFORE_RETAINED_HISTORY,,253349490747478017,payment,2025-09-18T16:45:35Z,58987525
GD6LGTOHDGJSFNQTAQSU3V4FJKEF52FQGXEYUQCRKG2IJPGDRAKGTCIL,CREATION_BEFORE_RETAINED_HISTORY,,248696151379902465,path_payment_strict_send,2025-07-08T05:55:48Z,57904085
GD6NWAMPS7QZ7BCDRWGTIWFAAYFO4L5JVDANEGB4ETE7FUFGRAQRZ5M5,CREATION_BEFORE_RETAINED_HISTORY,,248696379013369921,payment,2025-07-08T06:00:52Z,57904138
GD6UWIH542ZLOTFATNBMB7YA4AVFBJUBCUCYZRL6IVO42UWC3UL7QIJ7,FUNDER_KNOWN,GAWKH334YIMXL2UGMWZFMBW7QX5JNOGEEV7KEEYY34YHNNIAIUQTQZUA,267053803676442684,create_account,2026-04-18T17:29:22Z,62178309
GD6WHSKBYL24MNG5QMXQFPTDIDVQSTT5XCFOQXA5NEIXZKSTJJNKAB4F,FUNDER_KNOWN,GAWKH334YIMXL2UGMWZFMBW7QX5JNOGEEV7KEEYY34YHNNIAIUQTQZUA,267053258215178279,create_account,2026-04-18T17:17:19Z,62178182
GD6XSMQJ47EHHJOWXQOND5YDVZC37JWZJHYHBKE6QJFSLLJ5KQXM5QS5,CREATION_BEFORE_RETAINED_HISTORY,,263976992184270849,begin_sponsoring_future_reserves,2026-03-02T03:48:05Z,61461933
GD77RS525TLPXBSFTZSHDEVDSCDO3NQBTATLRJQVHBOTKUC2PMGPTQEF,CREATION_BEFORE_RETAINED_HISTORY,,248735768158748673,payment,2025-07-08T20:32:16Z,57913309
GD7HA5AFK5CHJJZWY4LICNXCYBEEWXW6CMHKEUY26M2FMEV7CNP2OPGI,CREATION_BEFORE_RETAINED_HISTORY,,248978184703389697,path_payment_strict_receive,2025-07-12T15:11:47Z,57969751
GD7RLTEGEEFDEW6NQZUXJ72VFVF6LRSPBZ6TCAO66HJPIMZJU3F2LFOO,FUNDER_KNOWN,GAWKH334YIMXL2UGMWZFMBW7QX5JNOGEEV7KEEYY34YHNNIAIUQTQZUA,267053765021315118,create_account,2026-04-18T17:28:30Z,62178300
GDAHKXY2ZJXMLHIC7JZ5GL2AXH26EGFSA6W4VEEEFQXFCSQNBNQOWCJU,FUNDER_KNOWN,GBUSCYAQZD5UGZCDDWXO7RJMXZB3LHQVMGTIOTP7SPGLSD3PPBDJZYHD,261133118243872769,create_account,2026-01-16T18:51:18Z,60799792
GDB3RGT23S4CZLOWXDG63WLVW3MQJJ2ADPC2JPWW46EZDNKNU3XVBARS,FUNDER_KNOWN,GAG2KBHTPWUFOFS6PEHGZDZSGIQ5KAE4LNEGMUCTBKGZMHAJ5EXJBARS,262633951615606785,create_account,2026-02-09T03:34:57Z,61149232
GDB5VERWF7J2RHXERAK5KDIGNYZRJJVR362B6EAYDXKL7QXGQIUDKJCE,FUNDER_KNOWN,GAWKH334YIMXL2UGMWZFMBW7QX5JNOGEEV7KEEYY34YHNNIAIUQTQZUA,267053756431126590,create_account,2026-04-18T17:28:19Z,62178298
GDBV4M4BPRQGZAAUED2UR3DVBW3R73P3XNNLDLRTH2RWBABUK2MIZ2VU,CREATION_BEFORE_RETAINED_HISTORY,,248712687004278824,payment,2025-07-08T12:01:24Z,57907935
GDCMOOVB6MLB3ZQ3QJRLQMP43XIZN7PJ74UKATJCC5E5G46XFF3UVZZ2,FUNDER_KNOWN,GB77C7CHJQGWNMDPWRXXN5KMS55K5SSERBGND4GGCYDDBLC52FEKHUOR,274596565111873537,create_account,2026-08-13T13:48:58Z,63934495
GDD22K6MNW3FAHGYF7ITJDDVSJD4HMTQD2QBRKPLVVMPECHXJELTBUTL,FUNDER_KNOWN,GAWKH334YIMXL2UGMWZFMBW7QX5JNOGEEV7KEEYY34YHNNIAIUQTQZUA,267053765021315116,create_account,2026-04-18T17:28:30Z,62178300
GDDAEATAA6K4P4BUP3SHIAZDCJGOQPPQTMVTSNQSSXUBRI2BNSAXTK4F,CREATION_BEFORE_RETAINED_HISTORY,,248701103477170235,payment,2025-07-08T07:46:27Z,57905238
GDDCH3CP5ES5OP7HKHIS2C4KUP4XRFMDXME24RR5GULYXUQH5N2I6I7K,CREATION_BEFORE_RETAINED_HISTORY,,248713232465092634,payment,2025-07-08T12:13:28Z,57908062
GDDR2MDEIZKYNFUC3TK2K5YRCVZEXNLJVCZ45FXL4DQQRVG7NZ7LBMWU,FUNDER_KNOWN,GAWKH334YIMXL2UGMWZFMBW7QX5JNOGEEV7KEEYY34YHNNIAIUQTQZUA,267053782201049099,create_account,2026-04-18T17:28:53Z,62178304
GDDYAJ32VUEGXSP6JUXKOGTBFPHPU5X7GCHEQOTFEJH4CS2KEUAIKPPV,CREATION_BEFORE_RETAINED_HISTORY,,248696125612429313,path_payment_strict_send,2025-07-08T05:55:13Z,57904079
GDEDWJFWOM226RNH765BDLK4BTKYYJZQHI7EAXK4DMPYCC3RWBKTHJ2J,FUNDER_KNOWN,GBG3IKZOFKZ5QRZCFOLH3IHJZB5RC2YJ7GCCY6OTM4T6B53KMWE5EYB4,271719168951291905,create_account,2026-06-30T11:06:50Z,63264549
GDELYFECO2FZ7YU2MFFJSFYDENMZFPV2RW6QGHKWEKWNORCK6BTQQYBX,CREATION_BEFORE_RETAINED_HISTORY,,256355499703595009,begin_sponsoring_future_reserves,2025-11-04T00:26:02Z,59687416
GDEX73I3RADOVVUTHOTCY3F3Y2YGOZSBZ3VTSZHI22CK4LA3C7P6DSFP,FUNDER_KNOWN,GAWKH334YIMXL2UGMWZFMBW7QX5JNOGEEV7KEEYY34YHNNIAIUQTQZUA,267053782201049108,create_account,2026-04-18T17:28:53Z,62178304
GDF6CZ4B263JPXWS4MJCV2ERM5XLANDYVZS3P2JJ3STVY66RLULS7U7R,FUNDER_KNOWN,GAWKH334YIMXL2UGMWZFMBW7QX5JNOGEEV7KEEYY34YHNNIAIUQTQZUA,267053236740177997,create_account,2026-04-18T17:16:49Z,62178177
GDFESHTWVXTH5WHC6R7VM6KPJCEYYO36BV7NDV7V6FSDUBVDC7YF4T2N,FUNDER_KNOWN,GAWKH334YIMXL2UGMWZFMBW7QX5JNOGEEV7KEEYY34YHNNIAIUQTQZUA,267053249625313330,create_account,2026-04-18T17:17:07Z,62178180
GDFNLKYEY47ENEC7C4MKY4SS5BTF4GP7C2KLZV7BS4J3KQ7YGGP7YXB2,CREATION_BEFORE_RETAINED_HISTORY,,248696602352062465,path_payment_strict_send,2025-07-08T06:05:55Z,57904190
GDFPIIQJMXMWXGULQSLVEVY5HZUDHROXLATFG4XBS7PJCJT6JXAIDFCN,FUNDER_KNOWN,GBSH64LQTCZIQLMYVF5QYLWKN2JXZ4FFFRLUDDE6YHW2WMXNQB2MKEXG,267614314088267777,create_account,2026-04-27T10:18:46Z,62308813
GDFRWYVLAPGETMONBZFO2QLVKJ243PPWSTU5H6W5FZALZYMVFUH6SLTB,FUNDER_KNOWN,GAWKH334YIMXL2UGMWZFMBW7QX5JNOGEEV7KEEYY34YHNNIAIUQTQZUA,267053322639986744,create_account,2026-04-18T17:18:46Z,62178197
GDG2H2JI47ZP5IYJSSHYDYQVASVKY4F2RGYYDC7KG5YGP53S4DGSQSZW,CREATION_BEFORE_RETAINED_HISTORY,,248723905458622465,path_payment_strict_receive,2025-07-08T16:08:44Z,57910547
GDGBVCMWGWP3RPX4DJWTMQSAANGFWCAYOYHKBN5JOUN7WDDTPIGRLOW7,FUNDER_KNOWN,GAWKH334YIMXL2UGMWZFMBW7QX5JNOGEEV7KEEYY34YHNNIAIUQTQZUA,267053782201049106,create_account,2026-04-18T17:28:53Z,62178304
GDGCKKPOSDVSC2Z7VUNUBC72A7LDEI2W26RZHUCXSGU4YY4UNOWYHOKG,CREATION_BEFORE_RETAINED_HISTORY,,271543242795954177,payment,2026-06-27T16:31:40Z,63223588
GDGEKTSK55RLTI3T7S5IFL37G2EBDTJ3NFDNDGQLNNSAIK4FJRTVCWEZ,CREATION_BEFORE_RETAINED_HISTORY,,248696310293610497,path_payment_strict_send,2025-07-08T05:59:18Z,57904122
GDGGRNZWCALK3US2SNQQET2ID3DO6LW2J2GANJ5VB4KWHHRZVA5YBUB4,CREATION_BEFORE_RETAINED_HISTORY,,248713726386540554,payment,2025-07-08T12:24:10Z,57908177
GDGSUS32YRTG3G4JNWD6LNDHWA2PIKWFIM6KRONC7KGWBVLS7MRXMRO2,CREATION_BEFORE_RETAINED_HISTORY,,248698273095290881,path_payment_strict_send,2025-07-08T06:43:34Z,57904579
GDH5LSCPFOCK3DVBONZTA4S5Z76CDAODGLYE3RM4NDHRRWW4AHH7SLAK,CREATION_BEFORE_RETAINED_HISTORY,,248696383308673059,payment,2025-07-08T06:00:59Z,57904139
GDHRCQNC64UVL27EXSC6OG6I2FCT4NWM72KNHLHKEB3LK4MEEYYWETN3,FUNDER_KNOWN,GBO7VUL2TOKPWFAWKATIW7K3QYA7WQ63VDY5CAE6AFUUX6BHZBOC2WXC,262987436014354433,create_account,2026-02-14T16:33:32Z,61231534
GDHWLJMTITTTEDD56N3NDM5INS6RRN4QMEV2SWKEOFKJC3DUKTQZAKSU,FUNDER_KNOWN,GDEDWJFWOM226RNH765BDLK4BTKYYJZQHI7EAXK4DMPYCC3RWBKTHJ2J,271723017242312708,create_account,2026-06-30T12:34:02Z,63265445
GDI2H72ANMCQMQU2QSZPR5IRED2JZVZFIZO4ODNANIXHDQ7EYTCDGWOY,CREATION_BEFORE_RETAINED_HISTORY,,248695137768054785,path_payment_strict_send,2025-07-08T05:33:37Z,57903849
GDIADPPBZARYSHWXL3CVKYRIUXZSQW2HNRD5OGVROZQYMNCWX6WQ5HMM,CREATION_BEFORE_RETAINED_HISTORY,,249283488159424513,path_payment_strict_receive,2025-07-17T09:05:39Z,58040835
GDIZBVYOSQDIC3ALLHTLEGXZO4FK5D37JFNI3SEXOM674ORQBJENNJIT,FUNDER_KNOWN,GASEMSOZU2J6YJZST5PY2TKX5TOSGFTLMGA6464RM7NBNTWIL3FOVFHO,267357376259473409,create_account,2026-04-23T10:21:34Z,62248990
GDJ22UQUG5D4FG4FXNCB7TOTF3T5KOFWR7AVNXQTA3JGJAUTXEJD26OA,CREATION_BEFORE_RETAINED_HISTORY,,248701236621996033,path_payment_strict_send,2025-07-08T07:49:23Z,57905269
GDJNDIB5I2M4RVLFVSNOOAX2AXWTKAU7JXVBVWE744G4AHQLZVX6FTQD,FUNDER_KNOWN,GAWKH334YIMXL2UGMWZFMBW7QX5JNOGEEV7KEEYY34YHNNIAIUQTQZUA,267053799380619307,create_account,2026-04-18T17:29:16Z,62178308
GDJSH2NU2WF6J4P5DL4522DUCABWSTZOKFQ7BHBCFYQ3QKC6FRYWP6OL,CREATION_BEFORE_RETAINED_HISTORY,,248697710453592068,payment,2025-07-08T06:30:44Z,57904448
GDJSHJALTU3W5C6DZTHO5XH3LCPNPCKQSBA5K7AKTUQWGEQJ5XL3JKXT,CREATION_BEFORE_RETAINED_HISTORY,,248696138495430657,path_payment_strict_send,2025-07-08T05:55:32Z,57904082
GDJXD42BGRRN336UDRG6MHI5LK4RO2LUJROE3GDQMJ7RPPBS2JNJOO7C,CREATION_BEFORE_RETAINED_HISTORY,,248696567992360961,path_payment_strict_send,2025-07-08T06:05:10Z,57904182
GDKE26ECWHBKAEUZ2HHZ7WLS4OEWSIKKXKEIGPFOZBJLJG7QOUYP6726,CREATION_BEFORE_RETAINED_HISTORY,,248701051938652161,path_payment_strict_send,2025-07-08T07:45:20Z,57905226
GDKEPDOQHJGMUW53OA2GIITADF4OS3WOWN42YQD4UGBSBILAZ6HBXEXG,CREATION_BEFORE_RETAINED_HISTORY,,248715938294673505,payment,2025-07-08T13:12:56Z,57908692
GDKET3IZMV2ZAM4CIWSWWFOTLWDSHIR7NJBHZOWXGZA7C35D4W7BLK7W,CREATION_BEFORE_RETAINED_HISTORY,,248724682849902611,payment,2025-07-08T16:26:27Z,57910728
GDKXS7XDDZJ23R7WBMQUKZBK3OXVDTTZKNJQ6MWECWFU5FSKPU53WQTH,CREATION_BEFORE_RETAINED_HISTORY,,250695802254016513,path_payment_strict_receive,2025-08-08T05:15:41Z,58369665
GDL75PXBUUMD43KPEMAIVHJVP2KG3EQCPJ3NYKK444M55FXAD6RKOZCJ,CREATION_BEFORE_RETAINED_HISTORY,,248696902999113738,payment,2025-07-08T06:12:37Z,57904260
GDLB5FHTCH2BF3GKNJUNAXDBU753EHHMIDBGWMKZJ3OKAHALWLCM7JZN,CREATION_BEFORE_RETAINED_HISTORY,,248698032576147457,path_payment_strict_send,2025-07-08T06:38:07Z,57904523
GDLPR3HFGF5HZ2Z6QOY3NOIBWZXPAW36FU2KE6ZSYKORGTGLNF7XJV7I,FUNDER_KNOWN,GD6IITICSVPN3ZLVPUFTMIEIA3IGZ2UFY4MRTRZY2O2Z4RNMZQKWRSNK,268053465903767553,create_account,2026-05-04T06:39:29Z,62411061
GDM22NKY7E67YQ25HDWZFQCNN3XUITQDXAWC5RAIUTCEJUQMJRNW5DHK,FUNDER_KNOWN,GAYJ5W6SPX3ABG2AYNWBSKON7WODVXX2XJFT4DEUPUUG6QVDGZJSEXMR,268410467880521729,create_account,2026-05-09T20:16:47Z,62494182
GDMB47ZXUVS6KGX2AORUSQ7JSISRNJ77TYI7GOG5P366VI2GX6OCW6FN,CREATION_BEFORE_RETAINED_HISTORY,,248695124883353601,path_payment_strict_send,2025-07-08T05:33:20Z,57903846
GDNSNV5Q6IESDEFXERF3X6PUMGTC3ISAYXN2RIK6IKKE54FQGNHCXYBS,CREATION_BEFORE_RETAINED_HISTORY,,248699080548548609,path_payment_strict_send,2025-07-08T07:01:32Z,57904767
GDNSP5GYE27CESNP57HETU4DK7XOPCF6TDLPCAPAM6KDDE47LBSGNWJ7,CREATION_BEFORE_RETAINED_HISTORY,,248713795105476626,payment,2025-07-08T12:25:42Z,57908193
GDNWVMBLSDQXMRWSPFDDO2QPO7Q4Q4S7FOFYZXJDDYJR2YF5HTB6AOAD,FUNDER_KNOWN,GDKDVEJZGOWWLSNBM7JUUUA4GGWFHNFPYFHM6TSKPFC44773OESC7OVT,273082984276430849,create_account,2026-07-21T16:02:51Z,63582087
GDNYRSBVUEGBUFPORYLWM2YE4IVLYTQPZKVSZ6GXZWQWSE373S3272DM,FUNDER_KNOWN,GDUQXQAR4ECNAYCTGZAS4TH4KJJIZDLXPR5V2YYRFRGGQ3LTXBFTBVW6,251485182882934785,create_account,2025-08-20T13:31:10Z,58553457
GDO3VQPTZETBGYGRHJHAS3NJ7VDSOMZSXLZSRX5GLHOYZ7L4TXK26443,CREATION_BEFORE_RETAINED_HISTORY,,248697323906523137,path_payment_strict_send,2025-07-08T06:22:00Z,57904358
GDOMSKKO7BDNCALX5AIBMJDU5QA6D6I734MCTMT37M25W2I7R6ZR2T6B,FUNDER_KNOWN,GAWKH334YIMXL2UGMWZFMBW7QX5JNOGEEV7KEEYY34YHNNIAIUQTQZUA,267053301164834874,create_account,2026-04-18T17:18:18Z,62178192
GDOR3HJV7N4GXETITJISPP2GYZU3BZLSJNMM23JF2ZYI544SWYLEYVXE,CREATION_BEFORE_RETAINED_HISTORY,,248748850628669441,path_payment_strict_receive,2025-07-09T01:23:45Z,57916355
GDP4BEOE7ET5SD7TM34PGOMUKYP46IEREFTGWXZWSVHSU4I4ZDYTTBXW,CREATION_BEFORE_RETAINED_HISTORY,,248695674638725121,path_payment_strict_receive,2025-07-08T05:45:17Z,57903974
GDPUXTAOM6WKXWYQAJIIZL6OMTEOICZHK2XAJV5WS26S3LLVYHY4PRPA,FUNDER_KNOWN,GDEDWJFWOM226RNH765BDLK4BTKYYJZQHI7EAXK4DMPYCC3RWBKTHJ2J,271723017242312705,create_account,2026-06-30T12:34:02Z,63265445
GDPXUSYCGIFQOJH3Y33LKEUXJLUR3NRYCIGLAOC2EJ45OKWSUTKXO27W,CREATION_BEFORE_RETAINED_HISTORY,,248930583579848705,path_payment_strict_receive,2025-07-11T21:14:21Z,57958668
GDQ5GQXIVGMGR7UUOVM4AIQEYJVNY2VXKJYAJMMFGL4FEEYUOJMURJSD,FUNDER_KNOWN,GAWKH334YIMXL2UGMWZFMBW7QX5JNOGEEV7KEEYY34YHNNIAIUQTQZUA,267053249625313338,create_account,2026-04-18T17:17:07Z,62178180
GDQ5NI3ZHOO432WDSYDYMCBF5HBIMVVOCANWDAYBC7YM7VF2SRJV2VAD,CREATION_BEFORE_RETAINED_HISTORY,,248702297478008833,path_payment_strict_send,2025-07-08T08:13:07Z,57905516
GDQIV7JNLJTDFJGVDQS2UK77VUM7LR6VYNQZQQCCZUTYC76TAZMBX64V,FUNDER_KNOWN,GAWKH334YIMXL2UGMWZFMBW7QX5JNOGEEV7KEEYY34YHNNIAIUQTQZUA,267053790790893603,create_account,2026-04-18T17:29:04Z,62178306
GDQOIHLHKQ7T47TSTGOICGFSAVVQOHP5YU4LIHVIMVI56NO2TV3GKVBU,CREATION_BEFORE_RETAINED_HISTORY,,248698960288702521,payment,2025-07-08T06:58:50Z,57904739
GDQY3T2ZJXVGV23R32AIHKPC2RLMMYSEK3EGRZ4MA2CYEGXHE63BLEND,CREATION_BEFORE_RETAINED_HISTORY,,248696778446315521,invoke_host_function,2025-07-08T06:09:53Z,57904231
GDR423VLLSYER6G4PHXCB2WCJCTKIHBRCT65XXDHF3PN3UVFGFGJUD4D,FUNDER_KNOWN,GDQGZVRFSH5TUZQF6DHKDL76FUD4U74GBR2WBT6DVHJQXDFJWJODMOGP,274438394351124481,create_account,2026-08-11T04:24:49Z,63897668
GDRBXAIQW7XHQNX7KOG7KP6GVWCZC42LJAALJ3GF3PENW2I6T65HA34K,FUNDER_KNOWN,GAWKH334YIMXL2UGMWZFMBW7QX5JNOGEEV7KEEYY34YHNNIAIUQTQZUA,267053769316577358,create_account,2026-04-18T17:28:36Z,62178301
GDRHJ5WDL46YYTVWALMCA3O3S6SIJEROWKNFE4YOGP7VDSTDXOOXZ5N7,FUNDER_KNOWN,GAWKH334YIMXL2UGMWZFMBW7QX5JNOGEEV7KEEYY34YHNNIAIUQTQZUA,267053747841814591,create_account,2026-04-18T17:28:07Z,62178296
GDRJFZX4E4ES5KQ2XZRYR4MDDQCF7VV6VCG3XLAKO3ANHLO4A75S3CWR,CREATION_BEFORE_RETAINED_HISTORY,,248697920906702849,path_payment_strict_send,2025-07-08T06:35:35Z,57904497
GDRMSSXY362ILYXIEJBUM4EUTSUP7CNJIELLGVN7NXQBBLPE3DAAAY6E,FUNDER_KNOWN,GAWKH334YIMXL2UGMWZFMBW7QX5JNOGEEV7KEEYY34YHNNIAIUQTQZUA,267053236740177949,create_account,2026-04-18T17:16:49Z,62178177
GDRUZEOFPM35F3HIZKW67HEJUGGOTDFWLQ6U6RI55SPSH55CME7UH7RD,CREATION_BEFORE_RETAINED_HISTORY,,248697117747793921,path_payment_strict_send,2025-07-08T06:17:22Z,57904310
GDS42IGGC7XCPOO24OSGM5WW6NXHWQAZ5NYPDHMMKLTEA7GOMDA5TP4Q,CREATION_BEFORE_RETAINED_HISTORY,,248697169287323739,payment,2025-07-08T06:18:31Z,57904322
GDSANA2XZQJLPEWXKAF5XYOFYNJXCDQNFUJMW3EVGASIAXALG65YIHXC,CREATION_BEFORE_RETAINED_HISTORY,,248701335405752345,payment,2025-07-08T07:51:38Z,57905292
GDSQXAXL73522TU4AUQJ2JLW4BJKLAKLPTIKXWSSFDGTHUK5Y5WCMIDV,CREATION_BEFORE_RETAINED_HISTORY,,248695373990981633,path_payment_strict_send,2025-07-08T05:38:45Z,57903904
GDTLBATGFFP7BGOPHO7QPPQY5KHUWXLBLVRFR6LJPANKG2QQIY4V5X2O,CREATION_BEFORE_RETAINED_HISTORY,,251615977522868267,payment,2025-08-22T14:32:54Z,58583910
GDTLPW3OT45NMOLJKWS3LF6GUAP77Y27XJ4ZMDR7XLCUYSWD4M4Y6TLC,CREATION_BEFORE_RETAINED_HISTORY,,248696288819363841,payment,2025-07-08T05:58:49Z,57904117
GDUAPYVJCK7IPTGFHQA7SG4FLILDLORB7ENGIKHPUKHFEWTKSSDKO4LE,FUNDER_KNOWN,GAWKH334YIMXL2UGMWZFMBW7QX5JNOGEEV7KEEYY34YHNNIAIUQTQZUA,267053765021315117,create_account,2026-04-18T17:28:30Z,62178300
GDUCKO6IRUGX7HMECPX2TET6NX3HFG5G62IAEA66EFE26INWZH5SET7E,FUNDER_KNOWN,GAWKH334YIMXL2UGMWZFMBW7QX5JNOGEEV7KEEYY34YHNNIAIUQTQZUA,267053223855624285,create_account,2026-04-18T17:16:33Z,62178174
GDVDZ2FKTOLZK4FZMEO2ZSMP5L3MYFJHF3KNJ6FK7GL3KQLSCX2CDUAN,FUNDER_KNOWN,GAWKH334YIMXL2UGMWZFMBW7QX5JNOGEEV7KEEYY34YHNNIAIUQTQZUA,267053301164834826,create_account,2026-04-18T17:18:18Z,62178192
GDWC3UG65L4NKJDCQZXJF5JTBNQSM7ZBMMW4PIMGHARKGIKOFJJNMHXT,FUNDER_KNOWN,GAWKH334YIMXL2UGMWZFMBW7QX5JNOGEEV7KEEYY34YHNNIAIUQTQZUA,267053301164834864,create_account,2026-04-18T17:18:18Z,62178192
GDWLAIT6G3YHK7K6VZLLV6NRC2HRLQTUTUJPYCA46ZONRXO6YP5XNCP4,FUNDER_KNOWN,GAWKH334YIMXL2UGMWZFMBW7QX5JNOGEEV7KEEYY34YHNNIAIUQTQZUA,267053803676442666,create_account,2026-04-18T17:29:22Z,62178309
GDWM7UKY3F6NCPIPKLNIM2MWBY5UNLBWYQLU4WSX2NVILOGHREKALJA5,CREATION_BEFORE_RETAINED_HISTORY,,248696683955761153,path_payment_strict_send,2025-07-08T06:07:44Z,57904209
GDX26VLXLJ4VAPS3YBW6B2QMMTY62BAWPUSSZ3WZ4YAHYPX4ZSGXM3BH,FUNDER_KNOWN,GAWKH334YIMXL2UGMWZFMBW7QX5JNOGEEV7KEEYY34YHNNIAIUQTQZUA,267053236740177966,create_account,2026-04-18T17:16:49Z,62178177
GDY4KZIR6ITUO47KKJJUMSETC5KM2PWS2JWCBKTT7Z5IOBP5P2A4O2OE,CREATION_BEFORE_RETAINED_HISTORY,,248863981522059265,path_payment_strict_receive,2025-07-10T20:12:44Z,57943161
GDYRASRUQQRJZRITI7UFDQTSLWCISBBZWP4MLVCQ34G7GVM3K6KUSQKJ,FUNDER_KNOWN,GAWKH334YIMXL2UGMWZFMBW7QX5JNOGEEV7KEEYY34YHNNIAIUQTQZUA,267053318344409187,create_account,2026-04-18T17:18:40Z,62178196
GDYW7VLWZRN4FHVZTHWIP6FQT4Q4PF7TRCLUFLYN52S4423PHIJJ35GX,CREATION_BEFORE_RETAINED_HISTORY,,248695717588463617,path_payment_strict_send,2025-07-08T05:46:13Z,57903984
GDZIQ3DABQBDTQDQB57XEHIZJVRQUHO25VYFTCH466BXTHPQV5JKL63L,CREATION_BEFORE_RETAINED_HISTORY,,248695197897351169,path_payment_strict_send,2025-07-08T05:34:54Z,57903863
GDZK4JBS567MWKLC7O3BIHDP4B2V2RPRBWDU2KML4CPVNIO3W3YXNOOT,CREATION_BEFORE_RETAINED_HISTORY,,248698857209872480,payment,2025-07-08T06:56:36Z,57904715
GDZLW4Q7TJNBRK5PXKQUD5RGIWTYL3DAGS7CFAIXBYHIYSM6GLIAUGMY,FUNDER_KNOWN,GAWKH334YIMXL2UGMWZFMBW7QX5JNOGEEV7KEEYY34YHNNIAIUQTQZUA,267053765021315109,create_account,2026-04-18T17:28:30Z,62178300
GDZUN76I5RYAJNF4VYNKVYT3TLJDNVHZ4V7U4K7LEROUHSEXNPGYZJMD,FUNDER_KNOWN,GAWKH334YIMXL2UGMWZFMBW7QX5JNOGEEV7KEEYY34YHNNIAIUQTQZUA,267053765021315115,create_account,2026-04-18T17:28:30Z,62178300
