rank,account_id,balance,share_pct,cumulative_pct,trades_total,trades_as_base,trades_as_counter,ever_traded,snapshot_min_ledger,snapshot_max_ledger,methodology_version
1,GA727XJUNMXMB4SSU3D4CIXZ5A4XK35WJAFNNSDHY3O5462WILRYCSAS,9549864.6630000,91.5406,91.5406,0,0,0,false,64211133,64211152,1.0.5-draft
2,GABFRFPYM2BXM4OM2ZA4YDBWY4CMPVESHQMKXSM47MWWJD4TW2KQDWWN,466575.1270394,4.4724,96.0130,55199,22287,32912,true,64211133,64211152,1.0.5-draft
3,GBFECMJNPWZ3HB2IUCQVZB7PLLOEFETFEM4NZF42V7ALA7ER63WZHL4R,345090.0000000,3.3079,99.3208,0,0,0,false,64211133,64211152,1.0.5-draft
4,GBSYZQFWRQYATCRHREJ5HE55DK6DQU26QSPCBSOHM2YILGOLFYZNNQSV,46889.9441205,0.4495,99.7703,0,0,0,false,64211133,64211152,1.0.5-draft
5,GA6PLM43TPTJLPCCW5YX3VH6U43JKCFTDETPDZVHCMOHOTV23EOIFIFO,14135.3769581,0.1355,99.9058,0,0,0,false,64211133,64211152,1.0.5-draft
6,GDQQBII7E3LJJALSQ2YMOVKV3SJ57XO4YWBDWIPRWEV3HN4P36V642VN,1391.7955400,0.0133,99.9191,0,0,0,false,64211133,64211152,1.0.5-draft
7,GB526LHGOEWPCJ46XJO7BYYZY53OKK3HA4XZO4YFARZUQ7KX5BP6SXFZ,964.1415519,0.0092,99.9284,0,0,0,false,64211133,64211152,1.0.5-draft
8,GAIN2HU2ITUZPLGNWSH7JXXROL7MYIWDYXCUQDMQVJXFBEBPETSZYHNF,915.9913951,0.0088,99.9372,2,2,0,true,64211133,64211152,1.0.5-draft
9,GCTSFIICPYZW2R6HWA25IWDHQYSFBJJUAXVYHGUQ7K64G54ZQ6OOJUF6,559.0000000,0.0054,99.9425,0,0,0,false,64211133,64211152,1.0.5-draft
10,GDAQL5DLEB6MU77BZQPJVIHCHM4UEGIAK3AYIE5UXBZI26AGWGEGCFYI,520.8811947,0.0050,99.9475,0,0,0,false,64211133,64211152,1.0.5-draft
11,GDDAEATAA6K4P4BUP3SHIAZDCJGOQPPQTMVTSNQSSXUBRI2BNSAXTK4F,323.7181758,0.0031,99.9506,3,3,0,true,64211133,64211152,1.0.5-draft
12,GCSM6QASLFOSOPBOQLOQ3YBOJOZQBHVLXCP3PWCUNB2X342IX2HQ622F,261.2420203,0.0025,99.9531,5,0,5,true,64211133,64211152,1.0.5-draft
13,GBLKUBEVO32TVGPMCOVD4YC3CYXRSAELNHFUZNBDKC2UAMMCKPACRYFJ,243.2384427,0.0023,99.9555,9,9,0,true,64211133,64211152,1.0.5-draft
14,GC4MTAPQBCMQTBNBF5NIQ2XEMPK2NMPG6EXK7WN4Y33IQEUGJBIATKYQ,239.4837727,0.0023,99.9577,0,0,0,false,64211133,64211152,1.0.5-draft
15,GBIIUZH63Z262QXGKJIP3ZU5DS7L4L2TBTYGPXRIGQXZAF25A72YNULL,231.1386629,0.0022,99.9600,0,0,0,false,64211133,64211152,1.0.5-draft
16,GDSANA2XZQJLPEWXKAF5XYOFYNJXCDQNFUJMW3EVGASIAXALG65YIHXC,213.5163169,0.0020,99.9620,1,0,1,true,64211133,64211152,1.0.5-draft
17,GA4XQJFTIVONNM2MXU5ICJU2HSRVNK6O45EJO7SJF43OXW4TDWQOQZ4W,210.0206515,0.0020,99.9640,0,0,0,false,64211133,64211152,1.0.5-draft
18,GD3EXP7GTMP7UFHPOR4O24EUH7S6VDKT7UAC4GDGPNFOBU3SAOFCPVTH,201.8141815,0.0019,99.9660,173,145,28,true,64211133,64211152,1.0.5-draft
19,GCZDBHS222RKZS2FJDM4K7JSABSIVD7UKIPPMFDSGHFKWSESFLUKDH6E,200.3721886,0.0019,99.9679,0,0,0,false,64211133,64211152,1.0.5-draft
20,GA2TF2USBWNTXCLFMDO3ELIYOUYOIZTKXLRMXKZQJ62RT52JPJP5MQTU,197.1997633,0.0019,99.9698,0,0,0,false,64211133,64211152,1.0.5-draft
21,GDUBQRBBJFWKBE4W5NHU5VLTM3JYZC3DQTEU6GJ3AA2LO3AMX64Q5YF5,196.7973341,0.0019,99.9717,0,0,0,false,64211133,64211152,1.0.5-draft
22,GAUMR5CVUAQZTJBJV76GLJYFOGPHLDVCWOP3DNV7X7NFM5YVW7JO54MM,185.5672739,0.0018,99.9734,0,0,0,false,64211133,64211152,1.0.5-draft
23,GBJVFNHCXF5Y6CUUZELAVNKISAZJYHRWFEMH6MTBSWBYSWZ35KQL5K6O,184.2710753,0.0018,99.9752,0,0,0,false,64211133,64211152,1.0.5-draft
24,GCWAUSZKOQYTRTNVILVWSZI53ZGHWZT62LXFHGXZ5PKKYA2RLABJSK76,177.7356033,0.0017,99.9769,0,0,0,false,64211133,64211152,1.0.5-draft
25,GAHFRPFLF4JKXXK3INKOB55HTMH5B5ISQRODFHBG2QLR6PVT7A6MX4L5,116.0000000,0.0011,99.9780,0,0,0,false,64211133,64211152,1.0.5-draft
26,GDKQWPE775U3FWEOMUC7DULO5FERKOG3OIMP6VBSYH4G6GBB6NSRBX3P,111.0000000,0.0011,99.9791,0,0,0,false,64211133,64211152,1.0.5-draft
27,GBGUVD4H2YMRIG46J7GX52UZ4D3GZGB5QGNM6GRSK2UDA2L7MX4ZAVZW,100.0192440,0.0010,99.9800,0,0,0,false,64211133,64211152,1.0.5-draft
28,GAJOHTMJLT5JRLVP2YHCS32H3YRYVGWULJZSBBASDPDI5CJ6MOQU2U2S,100.0000000,0.0010,99.9810,0,0,0,false,64211133,64211152,1.0.5-draft
29,GB7AAAHBTSVLH3WHYDCPJ2DPW2WT2TZ2OISEXJAMWIZ66UUGC3CTGXK2,100.0000000,0.0010,99.9820,0,0,0,false,64211133,64211152,1.0.5-draft
30,GBZFR2UHPVIRLEUVDMACYWXB72S7XXG6WV7BIRTAQEEOXBN5YFFPB2TX,100.0000000,0.0010,99.9829,0,0,0,false,64211133,64211152,1.0.5-draft
31,GCNFPTPLOR4O6WSTMF6FEOODRUNXYEWSVRCRU5UHPI55JTAGEX3ZSNQJ,100.0000000,0.0010,99.9839,0,0,0,false,64211133,64211152,1.0.5-draft
32,GD4JYD3ND3VMNWVGYBUGY63DV245Z2D73DCPEV2IDDHPNGXPYSBFWYRS,100.0000000,0.0010,99.9848,0,0,0,false,64211133,64211152,1.0.5-draft
33,GDJTPPRH3SWEYKZPV7556W2L2TISIGX7Y4HWR5A36D7BQONJG432SQIW,100.0000000,0.0010,99.9858,0,0,0,false,64211133,64211152,1.0.5-draft
34,GBIIQ4BDCWCXGID5DM5ZDEROYF67CW6JERCWWSWIFNVFYGS6RFCDC2NR,92.2517015,0.0009,99.9867,0,0,0,false,64211133,64211152,1.0.5-draft
35,GBGZYDBTXYZDKZOONV5KEHTWQUGFRYUMXJR3PA5DLHFKSILI6DH7YMGP,81.4807152,0.0008,99.9875,0,0,0,false,64211133,64211152,1.0.5-draft
36,GD7KNANCTIS7NU2OC36BAJ4CG2QJLYL44A3H4UQIMHSKTDCVKGACHDEE,60.9999987,0.0006,99.9880,0,0,0,false,64211133,64211152,1.0.5-draft
37,GA23C2NY7WGU7AGBRKI2E4X2HDZRZGY7VUZZ4SZIVFV2RND3TG3YSUQE,60.2116574,0.0006,99.9886,0,0,0,false,64211133,64211152,1.0.5-draft
38,GAVFVV43FQZYUY6QHOAE4RSV2DVWMUR2EK53ZUVBCQSSPIV3AT4UD4C5,50.0000000,0.0005,99.9891,0,0,0,false,64211133,64211152,1.0.5-draft
39,GAZVCT6XA33ZKBAWJDDWI5JLRSC3P4ATZLBWUXIJDS2K47MG4OU2NN6F,50.0000000,0.0005,99.9896,0,0,0,false,64211133,64211152,1.0.5-draft
40,GCRBX3WJZI7ZK3NNDQVTJBS3BQDCEGVLMLNGDD32FS7PLHTDLCXS4PIK,48.9569100,0.0005,99.9900,0,0,0,false,64211133,64211152,1.0.5-draft
41,GCVDNVG3ODDKGW6CJQT6SPYOY4BDM6APW6DJJRN64K7AYOJ7RNS7A6SU,47.4553814,0.0005,99.9905,0,0,0,false,64211133,64211152,1.0.5-draft
42,GDFPIIQJMXMWXGULQSLVEVY5HZUDHROXLATFG4XBS7PJCJT6JXAIDFCN,46.2507485,0.0004,99.9909,10954,6189,4765,true,64211133,64211152,1.0.5-draft
43,GAYQEMKU26X5LCD3VC2VOJQU45X5UIVVLP6MRBU5MRWRHLBG7TJGSPBU,44.8316335,0.0004,99.9914,0,0,0,false,64211133,64211152,1.0.5-draft
44,GCSQUD3IFQPNCFURAZWPSRKJCXNDOZRMPBFTLPLJDNHG64JM2NGC62D7,41.6544382,0.0004,99.9918,0,0,0,false,64211133,64211152,1.0.5-draft
45,GDIZB76ZGVW2NJAC3KTEHWRJHY47R6UXGMWOIYRZOSAINM6CTCI5LHLZ,40.0000000,0.0004,99.9922,0,0,0,false,64211133,64211152,1.0.5-draft
46,GBIGPYSY64GXPHAU4VCTR4OHTE7TPWNO2G4CIXKJGDGYJSMY65PUIYPZ,35.8826215,0.0003,99.9925,0,0,0,false,64211133,64211152,1.0.5-draft
47,GC6TJHLFFOF4CSNROJSOIGGN7HSY3OFK3NICVJXIAVDNWGNTXKNRQFZR,31.4662481,0.0003,99.9928,0,0,0,false,64211133,64211152,1.0.5-draft
48,GAOHZB5V4ZVCYHR2Q62BIHC32SRLTRAERTMZQULC7DMZYTBX4PGFF55E,30.6432398,0.0003,99.9931,0,0,0,false,64211133,64211152,1.0.5-draft
49,GBVPXC6OOFZ7RYW5W6XFA5GQZVHT5BEXQLGFCTWVXI4XASTXES5GZYPZ,28.4833675,0.0003,99.9934,0,0,0,false,64211133,64211152,1.0.5-draft
50,GBUCZSRLGA5MBYINFIQTB3RILKHNMV64BVQ67C5F7VXR2K7M33WUJP3E,26.9572142,0.0003,99.9936,0,0,0,false,64211133,64211152,1.0.5-draft
51,GDKHAIKWHNVFZJBJQPQRIRCJ35ES2F3ZVRWRHIVLCHI2GOBXQATFLW7M,25.0782490,0.0002,99.9939,0,0,0,false,64211133,64211152,1.0.5-draft
52,GCZ6CINLNQYW2ARU5RWSSYG2SDYVKMX5GWELC6QQ52DGDD7DRJVDHSY2,24.8756219,0.0002,99.9941,0,0,0,false,64211133,64211152,1.0.5-draft
53,GDYWLPNRTFAEZ6JGEBOTVBXLFQUSJFLDN5BPPJFLCIO5QNECIMO4UWZP,22.8384733,0.0002,99.9943,0,0,0,false,64211133,64211152,1.0.5-draft
54,GAJCJMOWYBWH7A2UD6FOFBJXJRWC6KNQPXPRWN44RKWZ5JW2DK2S7WKC,21.1402274,0.0002,99.9945,0,0,0,false,64211133,64211152,1.0.5-draft
55,GBJXZPTSL4OMWZOELUALE74KQEVBE46M2VTS4JFNOY7YAREXNAVRG7YU,20.0000000,0.0002,99.9947,0,0,0,false,64211133,64211152,1.0.5-draft
56,GBRME5ALON3NA5MDBYRQZCF4RJ6TYCERCJ56BXQG6OEWDT6RCNUIVR4A,19.4006379,0.0002,99.9949,0,0,0,false,64211133,64211152,1.0.5-draft
57,GARQZRSMILPIDSZUQ7MAQZJHE7T5EXUNORMVKVR76WDX5JOBRDNUNM6O,19.1938657,0.0002,99.9951,0,0,0,false,64211133,64211152,1.0.5-draft
58,GBNC34GPKMWBUUNBLWO2QJGPCO665SYGT76ZL7TI4YCM6RVLHTGCYM3W,18.7886219,0.0002,99.9953,0,0,0,false,64211133,64211152,1.0.5-draft
59,GBWEHIWGW4SD45THPV7ANGWN5QPSGN3L7B2W6BB7AX5PW4EOECTFFZWQ,17.7045705,0.0002,99.9954,2,0,2,true,64211133,64211152,1.0.5-draft
60,GCXBUC4HLNIC4XANT4QBUH363VMJJUMEM72KYLBV7OCHBFBL63QTX5NZ,16.7851984,0.0002,99.9956,1,0,1,true,64211133,64211152,1.0.5-draft
61,GBRLPUMOKMOXI7CEVI7WHM3F2Z677HPBK4QNPTQPQPAGXWWV2Q3PT5ZS,15.3299576,0.0001,99.9957,0,0,0,false,64211133,64211152,1.0.5-draft
62,GC7SPHPJGMGOHIFDGC4WDZQ67PYCNPE772LVQMMFDLW56OQQAAMLU74N,15.1180445,0.0001,99.9959,0,0,0,false,64211133,64211152,1.0.5-draft
63,GAFE6HR3CH7ZVBHMC4CZJCBSGM4B24SBS32GYSYEL7SVNF3WFEJGT3MB,14.9762913,0.0001,99.9960,0,0,0,false,64211133,64211152,1.0.5-draft
64,GDGZTDBXYCXQUBCVAB4RL4MOEU66MARWOMD5WUI2MQKN5PN73XJL4C5S,14.2270098,0.0001,99.9962,0,0,0,false,64211133,64211152,1.0.5-draft
65,GDSZO6HQJH46V5ONOR7JJBCTWX6DNPNEQBTOTBDFN7CE64O37ELOMLHG,13.6792971,0.0001,99.9963,0,0,0,false,64211133,64211152,1.0.5-draft
66,GDPRL55OSC2VXLZG4KFJX6FCX2D5BDEHIOP3AYHC4QQ3AXE4VR5EHZOV,12.5652008,0.0001,99.9964,0,0,0,false,64211133,64211152,1.0.5-draft
67,GBRPP67JH5FMBY73TN2EA55R4OQON232RFY6QQ7326JJ2CAWXX72UIUG,12.0746736,0.0001,99.9965,0,0,0,false,64211133,64211152,1.0.5-draft
68,GBJY7AY5GIEINQXU5W2NBFEMGTFOTB2OTNCCMKSLVIDXS3DMHG56I6XN,10.1506114,0.0001,99.9966,0,0,0,false,64211133,64211152,1.0.5-draft
69,GADFTL6DLVQCWEPFED7V6ITU5QTJDLYXBX2S4XP6DGHGX3YZ26WZHBFM,10.0000000,0.0001,99.9967,0,0,0,false,64211133,64211152,1.0.5-draft
70,GBLCLCSHVTHBCTIB2VSCR4CDP34S2H4K7MEWP7ZRQBWXELHQOSGB2HHF,10.0000000,0.0001,99.9968,0,0,0,false,64211133,64211152,1.0.5-draft
71,GD5GQJ3JSQNPXE2SECI23PLUSJPFONEZIKEDJXTHDUJXVNNZGEDPWQ2J,10.0000000,0.0001,99.9969,0,0,0,false,64211133,64211152,1.0.5-draft
72,GAIFYL36LQWWPLGTTNLQQZ6VSVSZ37LKTUEFO6WF2PINHVCTGUFEKSED,9.5704500,0.0001,99.9970,0,0,0,false,64211133,64211152,1.0.5-draft
73,GACAI36BCRAIFTXW7NTH7BQD3UQ7SLFCENNJGICPETTRE7VPOQ6GUWPM,9.5020393,0.0001,99.9971,0,0,0,false,64211133,64211152,1.0.5-draft
74,GDHG3VMRXR2MUJH433PJUT5VWBI2XTZ4Y2POJKTMIOTFIVKLJZ6CJUL6,9.4658207,0.0001,99.9972,0,0,0,false,64211133,64211152,1.0.5-draft
75,GAZHTYVGCFXSSPHPHS4UNESGMKVPPUB6G2RI6J4Z5PV5B5AQBBA5STCE,8.8866439,0.0001,99.9973,0,0,0,false,64211133,64211152,1.0.5-draft
76,GAZK2UONQVX4AVELYTGQOHA7FDJXA7D26EF6YF57CRTNX5K7P3F2WUGI,8.7964428,0.0001,99.9974,4,4,0,true,64211133,64211152,1.0.5-draft
77,GC7GF2XD64OLJFTYQAL3C6C24YFA37XC3MZAXKK7OSHTA26NB6QJHTSS,8.4551740,0.0001,99.9974,1,0,1,true,64211133,64211152,1.0.5-draft
78,GCLBLXJUCEYGIXVQ7HLMDMVZUJBZ5QZ2WQXPQP7IVRASOAIPRELPPURI,8.3092051,0.0001,99.9975,0,0,0,false,64211133,64211152,1.0.5-draft
79,GCDMB3C4HKCN6WOPRSHEYU73RTN3NBYWBA3QHJM5HLWZTR6CZ7GIAYZY,8.0000006,0.0001,99.9976,0,0,0,false,64211133,64211152,1.0.5-draft
80,GDTE4LHRSOQ2G7HSI3D2WGZNSDPZBVADGY5OFJUNIC5APAHU7SMYELGR,7.9170171,0.0001,99.9977,0,0,0,false,64211133,64211152,1.0.5-draft
81,GCOUONZPZELWZ7XB2KPX33Z2BQRMK2NXRGC477BE4QJQZXHVGH7YEMSP,7.5441667,0.0001,99.9978,0,0,0,false,64211133,64211152,1.0.5-draft
82,GAQJIBVWXUHLD5CSUZDWIQEML7MAGXSS64T6A26SI5CGA33U7ZSYIM54,7.3750250,0.0001,99.9978,0,0,0,false,64211133,64211152,1.0.5-draft
83,GASR7B3HAUVQEJWK7FFMBAUH6WMPXXAWJYGWNBZCBXOCNH2IUI3L3XMA,7.0000044,0.0001,99.9979,0,0,0,false,64211133,64211152,1.0.5-draft
84,GCFWLSASTPE6LX5D3G7EB3A5SUEUYZWT6IPAPKQBGWIFHU74NXTEVKAN,6.4968935,0.0001,99.9980,1,0,1,true,64211133,64211152,1.0.5-draft
85,GCRIKQUOPMCBEKLFIAY6KBZKDDNMDQLGASDEGBNJDW2EOFINICDGOYUM,6.0000000,0.0001,99.9980,0,0,0,false,64211133,64211152,1.0.5-draft
86,GA63CIJLJBSSI6V64PJ673JNCCFQKXYQXZSMXCO7JPKLKTHQFWEMJE5A,5.5077166,0.0001,99.9981,0,0,0,false,64211133,64211152,1.0.5-draft
87,GCDVEPSWD3XTVHTP5AWSPPSIKPSPEVZPIG2KIL6EEKLGOM5XBK23FUXW,5.3258375,0.0001,99.9981,0,0,0,false,64211133,64211152,1.0.5-draft
88,GB7Z6EOIANRIVKPLDZYNMIDO6E3ZLMWDITA4BCAUDEHWBVRITE7TBESW,5.3000000,0.0001,99.9982,0,0,0,false,64211133,64211152,1.0.5-draft
89,GCH6D4JOCPKSUHKTDSBTOT3BE5UDZ4V4RCVGOVBKY2TUQO26SGUMTPXG,5.1344689,0.0000,99.9982,0,0,0,false,64211133,64211152,1.0.5-draft
90,GCHMWNZOIQYIJIAH7TIOSI2JC34KLCG75AY7YCIHHKUURH7S5B3TGE56,5.0533738,0.0000,99.9983,0,0,0,false,64211133,64211152,1.0.5-draft
91,GD3XKX5FD6MBCZJ23FM2RWCLONC23BG5H3V2X4WP5YPCFLL6NO3Y2I3B,5.0156523,0.0000,99.9983,0,0,0,false,64211133,64211152,1.0.5-draft
92,GCDI23VEHK3GQ25JMGCHNGQFICU5GKYMJVNMVDIG3KJDEWGKJZVDQC7H,5.0000000,0.0000,99.9984,0,0,0,false,64211133,64211152,1.0.5-draft
93,GDESSVIAIDD2WJRD7H7BY3JQXRM3TOTBJQNQDS6FSZBRXLTL4MIPFEZT,5.0000000,0.0000,99.9984,0,0,0,false,64211133,64211152,1.0.5-draft
94,GC4Y4CX622RWQBI6QI3B4HLJX2YOBC4LVLXATXK3O7J2Y2D223T3KYTO,4.7916979,0.0000,99.9985,0,0,0,false,64211133,64211152,1.0.5-draft
95,GAVKXUSKJGXROYGKS7SFVPUFR33AMPWFLKPB2SZUO2HQURPFUWIHGY2H,4.6907962,0.0000,99.9985,13,6,7,true,64211133,64211152,1.0.5-draft
96,GBCI7T4NMR23WZ33WUYX5HMNHWX6YBA7PNMTWSR7O6NTAZDIOFNXMH52,4.2036889,0.0000,99.9985,0,0,0,false,64211133,64211152,1.0.5-draft
97,GBKM2YMDONW2XPZH5PJXVDFKC4U4AXRV4TZXP53YSAJPA6ZWGCJ7YGVZ,4.0999219,0.0000,99.9986,0,0,0,false,64211133,64211152,1.0.5-draft
98,GB5OPA5TOKNURV7CEGTRCNCHW6A5NXYA7GY2SE6HAOAOEPEMGNAAEJ4V,4.0068178,0.0000,99.9986,0,0,0,false,64211133,64211152,1.0.5-draft
99,GAN47GSOB3CK3MHDU76OFMRHGQZ2S6KOMNK62TFP76VAIMHAXBLHAPM5,4.0000000,0.0000,99.9987,0,0,0,false,64211133,64211152,1.0.5-draft
100,GBJN3YIWMAC6RCSHM553QOISG5PRNLESS5HQZLIXYXNM2GN3SHSSAMZ2,3.7246483,0.0000,99.9987,0,0,0,false,64211133,64211152,1.0.5-draft
101,GA6LG5GD34H5VBVBGD2HU5VGBUDJKSFNBPOUD2P2IZAHIC3HUCOFUMBE,3.4253377,0.0000,99.9987,0,0,0,false,64211133,64211152,1.0.5-draft
102,GDUJ3UUKQHMZEX2J7LN222VSFEP4GWNAGKW3W7T55H5FBHNV63QQZPMX,3.1365994,0.0000,99.9988,0,0,0,false,64211133,64211152,1.0.5-draft
103,GCVCP2IROCB43ZS4MUVRBKAGG57RIAONC6RSXSNLUZ3SZHUFB6FO2Y4Z,3.0573101,0.0000,99.9988,0,0,0,false,64211133,64211152,1.0.5-draft
104,GC2KGFJQLYTIFEODUQDFO3ZR6RQNHY6PLT4NQNB32CBETQJWNB7ZPG2O,3.0159638,0.0000,99.9988,0,0,0,false,64211133,64211152,1.0.5-draft
105,GB3ZDTGTFDSCYYN4TGZ4HN4YRQ6GV5DT55SEBFHMT7BKNLV5E6EJ65D7,3.0000000,0.0000,99.9988,0,0,0,false,64211133,64211152,1.0.5-draft
106,GBL4QVIVPNF226OOGFBTV42NISZLLOREXGZXV7SHXDI3CFUAIUNB2EJV,3.0000000,0.0000,99.9989,0,0,0,false,64211133,64211152,1.0.5-draft
107,GCBVC3T3VXJUTQZX4TVCFPO354PP4JY63FFAOIGP7CXCKJ7MA7XBJ3F6,3.0000000,0.0000,99.9989,0,0,0,false,64211133,64211152,1.0.5-draft
108,GCTDHRMLMYROIUJKVXZ2VOV6OC37UX6LUPX44CIBQQ2HX3FPHNL3SEK2,2.8964495,0.0000,99.9989,0,0,0,false,64211133,64211152,1.0.5-draft
109,GBQUZEKQI5U3Y7VFGEJRPEEZBMGZWIDVX5QP3ZGQQ7DLMPJZLEMUBQ7I,2.8588106,0.0000,99.9990,0,0,0,false,64211133,64211152,1.0.5-draft
110,GD7BXLBD4QC4HZPXRQYSREEFJCE3ZSTMAPYYGV76A3T36VN64NH7LYY2,2.7936178,0.0000,99.9990,0,0,0,false,64211133,64211152,1.0.5-draft
111,GDPU3M6OSAP3BAJHRVIV6FGXGZMQZZ2AN43KD43BD465DE75EHDJBCV4,2.6802506,0.0000,99.9990,0,0,0,false,64211133,64211152,1.0.5-draft
112,GAUNHEB7UHG7U6JG26DHZL5UC72MB2JJH4QACZPTZVQGTZUDLKKMC2IZ,2.6414230,0.0000,99.9990,0,0,0,false,64211133,64211152,1.0.5-draft
113,GBQEDSWD4F25EVAUKFIYGZHELA44ZCCG3EWKTTPIKHUBDEPPZG2BMS37,2.5561580,0.0000,99.9991,0,0,0,false,64211133,64211152,1.0.5-draft
114,GBFBXAAP4YBSHS5KWLWS5GU24ANGKQD3V4MP7YWLLPK4QE6JCBWCC3K6,2.5096783,0.0000,99.9991,0,0,0,false,64211133,64211152,1.0.5-draft
115,GDKBLLJAQPZVNXIZ77ITPZYK7P5N7V2Z6ATQOAE6LKGAJIBZUWVI47L5,2.4978021,0.0000,99.9991,0,0,0,false,64211133,64211152,1.0.5-draft
116,GD5MQX2HNFJ2FVRVF7H77HT4YSD7B44PGYYT3J6ZZ2NGTL5KCKN2D5UF,2.0666693,0.0000,99.9991,0,0,0,false,64211133,64211152,1.0.5-draft
117,GB55CEWDT5NCFX7DTDZDNXHMUO7EVTPNSXTMRAK3YLXHBWLH4IBQT3W2,2.0520274,0.0000,99.9991,0,0,0,false,64211133,64211152,1.0.5-draft
118,GC32SCQX7ORNXHAZ3RU4NJT3D6DZG2H7WVLQCPVJGLBMC2UNRX4KDH6T,2.0100000,0.0000,99.9992,0,0,0,false,64211133,64211152,1.0.5-draft
119,GBL6WGBCKBVKYTS3BPKGB64C4ENPF65K4G63HZWY7Z6JHJZODZT2IZL3,2.0020790,0.0000,99.9992,0,0,0,false,64211133,64211152,1.0.5-draft
120,GADIKSDX3UB45G2PYUSNLO62S7YPYX4L2YL55OR23HKLZ76W2ZHPIWZ5,2.0000000,0.0000,99.9992,0,0,0,false,64211133,64211152,1.0.5-draft
121,GAHMYNJ6XTGCYUAPCN434LV7EGCNJZ6CB7Z7VUW2VXG5LN4UMX7FE7RU,2.0000000,0.0000,99.9992,0,0,0,false,64211133,64211152,1.0.5-draft
122,GASEYFZ4YYY3CK3SMXT4FKEN5B7MDEXM55DZA5TX4BGIDJOI4CFD3R5K,2.0000000,0.0000,99.9992,0,0,0,false,64211133,64211152,1.0.5-draft
123,GD5YOXCZRT7IABN3DLHFBSGPSUJSTHZ6HS7DS2TXSF5C4HZPMS6U7PQS,2.0000000,0.0000,99.9993,0,0,0,false,64211133,64211152,1.0.5-draft
124,GDPASRZ3FHCVDC7R23XDZOG4ZDLXKWH32EIMZF7EE74II4ZEQTCVP7NP,2.0000000,0.0000,99.9993,0,0,0,false,64211133,64211152,1.0.5-draft
125,GD4EA5U2AGRKNP6CMZ544Y453SZJDT5MDYRHFU4WGNF6AVNLKG4B7CVI,1.9934198,0.0000,99.9993,0,0,0,false,64211133,64211152,1.0.5-draft
126,GC3XQ7GM6XO36MORCS2SRHHEC2G52FMO4FHPLKUG76EKMTF73ZRH4HWR,1.9770946,0.0000,99.9993,0,0,0,false,64211133,64211152,1.0.5-draft
127,GCAMGAUKZJVEC5C3USEIF5DHJSIYDB7XQCE3J6VDRZSMO6RCIUYVUTP3,1.9620339,0.0000,99.9993,0,0,0,false,64211133,64211152,1.0.5-draft
128,GBNYFVDPFRTXKOZLHF2FR3NUFPFLZRCMRC2OL7XO5KSVD4YPYPWZ5FMB,1.8675569,0.0000,99.9994,0,0,0,false,64211133,64211152,1.0.5-draft
129,GCL3DYH4S32NEL4IDZZG5AIQUTKTXJRYUJN3MBPNFZBDD37ESBXAWIYU,1.8666932,0.0000,99.9994,1,0,1,true,64211133,64211152,1.0.5-draft
130,GAGMFKAQZY5OSR2BGSRD63PQJZDKSRLET6MPCPFFMRXU7A3Y7THQJ2SL,1.7446308,0.0000,99.9994,0,0,0,false,64211133,64211152,1.0.5-draft
131,GBJMBQ57V7BREXTTEJ6LDXCJ3W4Y6DKWY6CMD6T2IYMYRX7TLSQV3H47,1.6869404,0.0000,99.9994,0,0,0,false,64211133,64211152,1.0.5-draft
132,GAA3XFVLX7T6AUJVTT34JLZ5LG4TIF6L6DSMY576CMJCJC3CTY3IX6YG,1.6581273,0.0000,99.9994,0,0,0,false,64211133,64211152,1.0.5-draft
133,GASQ3ZPTWIZ6RSZJTGIDGTJKKDDFWCGGD4OKBOXKUW67OVZ22IJ4EFFJ,1.5278615,0.0000,99.9994,0,0,0,false,64211133,64211152,1.0.5-draft
134,GD5KSHS7AGCE7QHDSCNX253N2UMNKEP5KFUDYUIY3FIZI67JM4DSJ2HD,1.5181726,0.0000,99.9994,0,0,0,false,64211133,64211152,1.0.5-draft
135,GDHHX7XUYMF2HNDOABWAJ572HAKUV2PRJ7IRX2GB736W6TKDIYD46U6Z,1.4972118,0.0000,99.9995,0,0,0,false,64211133,64211152,1.0.5-draft
136,GAJO3OT3EOEHYNJM2R74UFO4NV4IPVFVTYCYEVNTUZOMTXON7A75YORE,1.4455025,0.0000,99.9995,0,0,0,false,64211133,64211152,1.0.5-draft
137,GD2LV3N5LITQSY2SY3X4XHNVWYFGYKWIR6ZZKLM45HFAYPIW35BZRFGN,1.3765487,0.0000,99.9995,0,0,0,false,64211133,64211152,1.0.5-draft
138,GB42IC5YZUPDDJHF72KQWFZBUE3SLHW6NBQBYAXISXLWBYTUMRVJYI6F,1.2952571,0.0000,99.9995,0,0,0,false,64211133,64211152,1.0.5-draft
139,GAE63YKDBSMWOQRYKLVWHG3U7U5GHBSTNMEV4INZST6XZAHZXJ7ECDDC,1.2422570,0.0000,99.9995,0,0,0,false,64211133,64211152,1.0.5-draft
140,GDJPGU5MHSE7PIFBWE4ZO3BLRKAJ4B4QBZ72RFSHTMFUOWM5ACAOWXM7,1.2345920,0.0000,99.9995,0,0,0,false,64211133,64211152,1.0.5-draft
141,GAPL7LIN6I3VAL7OOCNDUFZOYFNJDYS2O62M46DD7X6WHHBDMUTI73HW,1.2341568,0.0000,99.9995,2,1,1,true,64211133,64211152,1.0.5-draft
142,GDZUYUDTAHZBE24RAOZOGQ52YHVPP6676USWSYC5ITFJ5WFGJQH3J3WP,1.2336192,0.0000,99.9995,0,0,0,false,64211133,64211152,1.0.5-draft
143,GC4FZU3DSVSM4VKNBEVDCNNSA5PZ3OJQUGU3NW7S6KCQYZGPAIKYDHB7,1.1951039,0.0000,99.9996,0,0,0,false,64211133,64211152,1.0.5-draft
144,GCNF5GNRIT6VWYZ7LXUZ33Q3SR2NUGO32F5X65VVKAEWWIQCKGYN75HB,1.1869077,0.0000,99.9996,2,1,1,true,64211133,64211152,1.0.5-draft
145,GBJE5TYPXWYZVQ6SZOSDCGUL4WVG4KPB6R32HTDFKJNPJGBPTNCTOG77,1.1829086,0.0000,99.9996,0,0,0,false,64211133,64211152,1.0.5-draft
146,GBBP5FCTX7O4MMIRL6CQILMHHIDO63B5EWFGERLTURRFWKAJKEL4OOQM,1.1788809,0.0000,99.9996,0,0,0,false,64211133,64211152,1.0.5-draft
147,GC74V2BCJLQBELCS6C5W2ZGUPN36ZUQFRA7ZDBGDVNYEO2CYMXP6PRS4,1.1730969,0.0000,99.9996,0,0,0,false,64211133,64211152,1.0.5-draft
148,GAROSZYKXHPFLCRXJQRSJTQOUEEYV322CVIK5R52A6I43IET7PQU6DW6,1.1613826,0.0000,99.9996,0,0,0,false,64211133,64211152,1.0.5-draft
149,GACY4WGWHEGEEPNR3YEPJJILXCFEGJY43QGGYKMISRCW5TUZBYUAPYQB,1.0932734,0.0000,99.9996,0,0,0,false,64211133,64211152,1.0.5-draft
150,GBKEOMPKIWSSGEXIM7DSNFR7FIMW52IDUTVXNJO5SGHJPL36JT56OFCT,1.0920306,0.0000,99.9996,0,0,0,false,64211133,64211152,1.0.5-draft
151,GC2DFMRSI6KHW5TBPFNX5TDCFQ3DHJOLUNUG664GYLLR5ZPAERXRVRUW,1.0351838,0.0000,99.9996,0,0,0,false,64211133,64211152,1.0.5-draft
152,GCWXT5HQNP3WBODIV6ZEEFPFU2BUPIIAUDDUCOJMJSEYDVXOQQ63HDTH,1.0200000,0.0000,99.9997,0,0,0,false,64211133,64211152,1.0.5-draft
153,GBE7RCDCMV6ZR4QDEXCIL67BI66MC5JD7CZHRN5SWF4IIP7S27MIX4B5,1.0100000,0.0000,99.9997,0,0,0,false,64211133,64211152,1.0.5-draft
154,GB2Q75L26TF7AX4JUBHHRCGPE6PR3KI5R6TL5YFVQXXCELUELKXS325E,1.0034178,0.0000,99.9997,0,0,0,false,64211133,64211152,1.0.5-draft
155,GAFYOFQJ5XMJB5KN6W2G4HDIPAHPWGNVDNCL4QWNABIXXFSY2A5F7XQH,1.0006370,0.0000,99.9997,0,0,0,false,64211133,64211152,1.0.5-draft
156,GAXFOM7LVSSXI65SAFJNBDC7REHIPFDR3R6SVW5SYGJQ55O2EWK3MCW2,1.0000000,0.0000,99.9997,0,0,0,false,64211133,64211152,1.0.5-draft
157,GB3DVQ4GH4YUUMORYQGDKGMTBYV5CHV2NGXA4ANYY3BC7AOGRE6I4ABM,1.0000000,0.0000,99.9997,0,0,0,false,64211133,64211152,1.0.5-draft
158,GBEVR3D6G7W52OGRA4KQNIPL354TD4MSNH2XAZEIDEKGMQWLZ5ECWUHU,1.0000000,0.0000,99.9997,0,0,0,false,64211133,64211152,1.0.5-draft
159,GCTROC2JJUDYAHQHXLCMX57SGLAEQCGEKLBWAEUM5TAYOEJD434CXOTF,1.0000000,0.0000,99.9997,0,0,0,false,64211133,64211152,1.0.5-draft
160,GDH5LSCPFOCK3DVBONZTA4S5Z76CDAODGLYE3RM4NDHRRWW4AHH7SLAK,1.0000000,0.0000,99.9997,1,0,1,true,64211133,64211152,1.0.5-draft
161,GDINZYZZZBJ2VHVOQGYBFCWDOAGVSTZDNKFOEYFF27KXFR4H4LS4DPI4,1.0000000,0.0000,99.9997,0,0,0,false,64211133,64211152,1.0.5-draft
162,GDFJ7C3YFPWFGVSN7VMK4Z2BSGSUUJRKZ5WS7UGJHUAMCXOLV7YJE6DB,0.9656795,0.0000,99.9998,0,0,0,false,64211133,64211152,1.0.5-draft
163,GBQTCORGHWEHFYVZ446LXZCKOOFGQYSZUFVQ6ZVB573ZWVNN7EFAMOPP,0.9416163,0.0000,99.9998,0,0,0,false,64211133,64211152,1.0.5-draft
164,GBLHD2TDVBKSHZO6DRLK6VQ5LCWDDTGE4BS4MDISKRYB2XNJEG2HI263,0.9406982,0.0000,99.9998,0,0,0,false,64211133,64211152,1.0.5-draft
165,GDQY3T2ZJXVGV23R32AIHKPC2RLMMYSEK3EGRZ4MA2CYEGXHE63BLEND,0.9389096,0.0000,99.9998,1,1,0,true,64211133,64211152,1.0.5-draft
166,GDPNEJ3JO773VWJ3BTGHIQ5SBZF4BRAF7WUKONFQRVLXK5KMDVDB2RHQ,0.9386215,0.0000,99.9998,0,0,0,false,64211133,64211152,1.0.5-draft
167,GCJTC2GOYEZ6NYJBHWZ4C2JKQLTFS2AVFMO5AJ6OLWSY6JRL2I2FL3ZX,0.9315199,0.0000,99.9998,9,3,6,true,64211133,64211152,1.0.5-draft
168,GCKDNR2TIAEVJM2CVZISRMI6FT5SHVVHRRDKTNKZHSFGFG542U7GMIET,0.9314218,0.0000,99.9998,11,5,6,true,64211133,64211152,1.0.5-draft
169,GDOG7O6OXMKTEPB2CG66LGD6AJIR5UFRJD6LHNHOEQF22J3UVYKSEFZW,0.8770209,0.0000,99.9998,0,0,0,false,64211133,64211152,1.0.5-draft
170,GBKFSABIVUJCSTF7TQRUYZ5KPVSK5Q2HZDSXRGDFGKS6JU2NGZ5HQWH3,0.8493392,0.0000,99.9998,0,0,0,false,64211133,64211152,1.0.5-draft
171,GAAMXNQMPTW4DPKEBNIZ2MJ4KN46KZAXYZFQP5JO32354AQF7WCIRNFJ,0.8015683,0.0000,99.9998,0,0,0,false,64211133,64211152,1.0.5-draft
172,GA2M36JH7YCI2MF2XOM2XKPSSV5XHZMMWMRPYTOU3JURN3KYTNNDDOSR,0.7961757,0.0000,99.9998,0,0,0,false,64211133,64211152,1.0.5-draft
173,GBYUVQXW3UITSDOO3R2DNQ6CZ5SOWPHCBZHS3F6IYCERDGQDALP4BOLW,0.7699935,0.0000,99.9998,0,0,0,false,64211133,64211152,1.0.5-draft
174,GD65DN6DGIGCJNINS73HUMLTFM47ES7F3UYSS7IVQKFVNWPLEDS33M4Y,0.7497388,0.0000,99.9999,1,0,1,true,64211133,64211152,1.0.5-draft
175,GB4ZHDONXJ23NWOBGLQ7MZBIY6JFB7TVCO4BCIU6MNTTWGEYNSGDWJYG,0.7320724,0.0000,99.9999,0,0,0,false,64211133,64211152,1.0.5-draft
176,GCMWDQYJS2M4SXMIWT75KV3OXFKXZKNEJQVK7G2BF5PBJ54NO6S6DEHW,0.7079332,0.0000,99.9999,0,0,0,false,64211133,64211152,1.0.5-draft
177,GBQZJG4OCET7SV56I6IPBHGQAZBVRZBXP4BAS6ICCP56M32S23TQLKII,0.6778247,0.0000,99.9999,1,0,1,true,64211133,64211152,1.0.5-draft
178,GBMMYPWILFTPY5GCZ5Z63DP6Q72SUKB46E3VORXUDN2WI267O43LKF6O,0.6334960,0.0000,99.9999,0,0,0,false,64211133,64211152,1.0.5-draft
179,GAUUNG3AOJOEGHVKCT2RY6MJNSUXANY22R76Z742AXK4CKLXENYT2XW3,0.6052605,0.0000,99.9999,2,0,2,true,64211133,64211152,1.0.5-draft
180,GDDVAYHERXEP4SGKHNZ5FSYKEQGVUAA7CIWXFIS3JHNZYVBB4FPIRJBB,0.5955513,0.0000,99.9999,0,0,0,false,64211133,64211152,1.0.5-draft
181,GBXXRZAPKL4HIMFA5M36CXURXKT6CV5W6VTOHL5EYDYMB5V7J52RL4UI,0.5298634,0.0000,99.9999,3,3,0,true,64211133,64211152,1.0.5-draft
182,GAAGGREYKXZEWGI2FAU6GEDZROHAPAKSFKIDKF2KIFS5OYLJXI6AK27P,0.5199314,0.0000,99.9999,0,0,0,false,64211133,64211152,1.0.5-draft
183,GBWUWAQ26NG72VHQAM73A2FF7KRJ4HXUDHW556D2UEUGAVPMWDRBJINQ,0.5051119,0.0000,99.9999,0,0,0,false,64211133,64211152,1.0.5-draft
184,GB42E32PYJNTRVVIQETAYGM66ZVYIXAQ3J5E7XCTO7V632EDGU7KFKBF,0.5000001,0.0000,99.9999,0,0,0,false,64211133,64211152,1.0.5-draft
185,GCUGESXMHGYJ2J7X6XPOFQBNYDUR4E7KJ7BW4BMAB3G7V6RO72JUARIA,0.5000000,0.0000,99.9999,0,0,0,false,64211133,64211152,1.0.5-draft
186,GDOPLBZCPHGURAMRWBDWVXWUJE3XDNQ7UG6UTJV7AQUR3UH2ENATCCS6,0.5000000,0.0000,99.9999,0,0,0,false,64211133,64211152,1.0.5-draft
187,GAWUKJDD7DXDEBV5WTL2V2BXAAEWNDQNMRV3QCXA23JA6OK6TRA2ASL7,0.4999480,0.0000,99.9999,0,0,0,false,64211133,64211152,1.0.5-draft
188,GBHMLQMGGFOW5GQFXM46SJOBQQB4IQ36DEHUZWSF47E3BEP7D2ETGTGY,0.4996500,0.0000,99.9999,1,0,1,true,64211133,64211152,1.0.5-draft
189,GDPGJV7QJVW3BNQA6NRHV3LBFMTQALW6N32VR3OZKYXQ5IUTMZSEKJC5,0.4870629,0.0000,99.9999,0,0,0,false,64211133,64211152,1.0.5-draft
190,GAX4QVIYZUGHKUHFWESUDECABBON4RAQP5A3A66AJKY75TG6JUMMSFCY,0.4102472,0.0000,99.9999,0,0,0,false,64211133,64211152,1.0.5-draft
191,GAHYNIP3TJQ5GUISNR25PBEBMIHYDKQOGC2GP6434MXU6XYD72UFEHD4,0.3940058,0.0000,99.9999,0,0,0,false,64211133,64211152,1.0.5-draft
192,GB5F2BYPFRSCMQPPR226EDCMZDVAVYNN5JIEDLPIN2AV3QMYKUFNXHNB,0.3528750,0.0000,99.9999,0,0,0,false,64211133,64211152,1.0.5-draft
193,GC6IG2ZCUKXVPYEMYT7IO5IOTGJFTTKOZT66OYG6Z5UMHL5WYKJQDHV2,0.3448275,0.0000,99.9999,0,0,0,false,64211133,64211152,1.0.5-draft
194,GASBPYXYSIPXH4GVJGVVCNR6JVN3EADX64QP7BOZTS4JYCSFAC3WHLDV,0.3106161,0.0000,100.0000,0,0,0,false,64211133,64211152,1.0.5-draft
195,GA3HYIG2RFVUSA4YBQXDFJ3UXARBXSD5LE2JBE2MJTL3TJ6WBKUDVMVT,0.3064121,0.0000,100.0000,0,0,0,false,64211133,64211152,1.0.5-draft
196,GCNFO7YAI2VAK5VXRI7DTV4EEQGC3NLKU3BJXJI4D3CQGG2GY5LSJKDA,0.2965258,0.0000,100.0000,0,0,0,false,64211133,64211152,1.0.5-draft
197,GDR423VLLSYER6G4PHXCB2WCJCTKIHBRCT65XXDHF3PN3UVFGFGJUD4D,0.2855302,0.0000,100.0000,2,0,2,true,64211133,64211152,1.0.5-draft
198,GCTQL76FD4EHJJ6V7NQO4BA2CHRALBLEVPD5EANNQYIOZLO3LIW7EAQ6,0.2731461,0.0000,100.0000,0,0,0,false,64211133,64211152,1.0.5-draft
199,GDSXNCUN6Y23EACFGE4LP55GHUJFKODCW723VASUL3KVRFXC4M32L6LH,0.2716219,0.0000,100.0000,0,0,0,false,64211133,64211152,1.0.5-draft
200,GDSRKPDGHTOIOH3LHBUBARUHV45TXD6C6PSD5XSRF6MVZYMP3QVT2TXD,0.2680151,0.0000,100.0000,0,0,0,false,64211133,64211152,1.0.5-draft
201,GCS4PXWRDKC5445PEKTJHIOEOVTCIQK2YMGPXDZLDXUIPK4HOHLQVYXL,0.2445177,0.0000,100.0000,0,0,0,false,64211133,64211152,1.0.5-draft
202,GBYV75BHQFXWYF7BRWI35ZGRQVJ5KJVFIEW3BXPE7CWFEHP6KPP5IHAQ,0.2400000,0.0000,100.0000,0,0,0,false,64211133,64211152,1.0.5-draft
203,GDHRCQNC64UVL27EXSC6OG6I2FCT4NWM72KNHLHKEB3LK4MEEYYWETN3,0.2330526,0.0000,100.0000,6,1,5,true,64211133,64211152,1.0.5-draft
204,GCYTEONTAYNXH64ML77PQEWCOHWRIGHGI6PESEKNJHFUZX3WM3GEMZLV,0.2000000,0.0000,100.0000,0,0,0,false,64211133,64211152,1.0.5-draft
205,GCRJ56CVFFASF3L5QLPCKE4XNRGC7RE3U2HSDHAFRTZHAY2MQKWU2UQ6,0.1897566,0.0000,100.0000,0,0,0,false,64211133,64211152,1.0.5-draft
206,GAF4J45JQZ76UWYFXX4RKLUQKGUNLPILLVT3DUXC33KPH3SUP7ONIWM7,0.1815537,0.0000,100.0000,0,0,0,false,64211133,64211152,1.0.5-draft
207,GARXAWZTQC5S34UXIE3Z5WF7E6BRZOISSXUAFDTBP5RS6SL3QE7AEZ3G,0.1764710,0.0000,100.0000,0,0,0,false,64211133,64211152,1.0.5-draft
208,GBJ54IXLMZI25UPQ4OQJQ2IK7U7KKJWZPAQITRKIRY5YVCV5KWROWWNF,0.1600069,0.0000,100.0000,0,0,0,false,64211133,64211152,1.0.5-draft
209,GBEFI2IX5BDH65WOQ2HEPTOPPCR3UN62PYTYPV5ANTLGGDRWIBVVIIZT,0.1590815,0.0000,100.0000,0,0,0,false,64211133,64211152,1.0.5-draft
210,GBTYAFHGNZSTE4VBWZYAGB3SRGJEPTI5I4Y22KZ4JTVAN56LESB6JZOF,0.1558265,0.0000,100.0000,0,0,0,false,64211133,64211152,1.0.5-draft
211,GDVL6J3UL55RTD7VBY4DGL377WRWOSDB2RTBO24DLE4UQ6HUBI7X4674,0.1387945,0.0000,100.0000,0,0,0,false,64211133,64211152,1.0.5-draft
212,GAUD6X3PUFUCF2ZPEUVMZ5BW3SQZXOM36KUONBBHKJW763WPOAUY2TM5,0.1305967,0.0000,100.0000,0,0,0,false,64211133,64211152,1.0.5-draft
213,GA2QOH2JFQJ3RLZGBPU2URAZ4RS4B2IX4SCZ47NBJGAKD6HQWHQDA4EK,0.1036835,0.0000,100.0000,0,0,0,false,64211133,64211152,1.0.5-draft
214,GDT5M76R5P57PRZVV6JQROJFQ7EF7RW3ZQIHJOEYCU5TQJEMVFZIS4X2,0.0831380,0.0000,100.0000,0,0,0,false,64211133,64211152,1.0.5-draft
215,GBPFB6XNLDMXQKOFJAH6IRTOMTEUU4ZWFHNRMYWZNXCZEDNE6UU66WSG,0.0826712,0.0000,100.0000,3380,1680,1700,true,64211133,64211152,1.0.5-draft
216,GCG5XRQF7KOVT47RNWBHOPP2QJCNRCWDRXQ64SC7T7K5AGC5WHR4B4IK,0.0781205,0.0000,100.0000,0,0,0,false,64211133,64211152,1.0.5-draft
217,GDENMOFRULIVSFKKBUEY3CCIKOUH6R5IB2AFBGKNRW6UWIXYYQTNG6KU,0.0767877,0.0000,100.0000,0,0,0,false,64211133,64211152,1.0.5-draft
218,GD3HNMU6RQBWJZFRFFKYCR25XMPOB7XHXKYDMGYQPK5PVZPQ24PR3AU6,0.0749980,0.0000,100.0000,0,0,0,false,64211133,64211152,1.0.5-draft
219,GCLG7DRPJLZVK43AFXGPYI7FIHHQ357H4K44AY5BQUDG3SJK6WCYSUUA,0.0685209,0.0000,100.0000,1,0,1,true,64211133,64211152,1.0.5-draft
220,GDY57YXNJRD74SN76LCHGAAJ6IPDI4T2WN2NMTTWL7R53RCKDR62EZVF,0.0665104,0.0000,100.0000,0,0,0,false,64211133,64211152,1.0.5-draft
221,GBJWZDBY2Z5PLSNW2X5NQYB54BRKF5GUYRCRXOP4ALNGMABOIJLOUKGN,0.0581966,0.0000,100.0000,0,0,0,false,64211133,64211152,1.0.5-draft
222,GASAXWRQCKI5RRLBMFMUOV342DY4TKJM6DE6HZMLGOPKMZLKK43MMDXP,0.0516237,0.0000,100.0000,1,0,1,true,64211133,64211152,1.0.5-draft
223,GB2R7AUUAJF3LILWMI4HH5GQQSDVALJQFETL44KJNP2AHZQKMJZPMGT5,0.0500000,0.0000,100.0000,0,0,0,false,64211133,64211152,1.0.5-draft
224,GCPEMD22WUCRCDSO7J6IL4KLLPRZFNRZIGGDWW2GDJW7YY6L25MLKIER,0.0498828,0.0000,100.0000,0,0,0,false,64211133,64211152,1.0.5-draft
225,GAY5XP7RNL5TR6GHRCAEDA2WGSFLQTZXGSH72J4XW45XBUQLUFOGR2II,0.0462674,0.0000,100.0000,0,0,0,false,64211133,64211152,1.0.5-draft
226,GAYGQAVNNFXI3WBURAGL3DQ2QIXXR32JW5OUSUGROSZ33ZOQXBKDEZIY,0.0414887,0.0000,100.0000,0,0,0,false,64211133,64211152,1.0.5-draft
227,GBUT7ANZZ4KSIH5JR7WTJS4UQ5TLGSHA4PT4ANWZOEXT4IH7WNITC2TN,0.0336530,0.0000,100.0000,0,0,0,false,64211133,64211152,1.0.5-draft
228,GCTS3YRM63DSWLZXHV242YHAMZ2M5CZAWRRAPCJ7ZGOUP2PHRJRTA4A5,0.0272317,0.0000,100.0000,0,0,0,false,64211133,64211152,1.0.5-draft
229,GARZNPJGSV32WQYBFUPEOHMCU66KVQQHRBZM44FWZUR7LKRF5B7BXEBG,0.0225177,0.0000,100.0000,0,0,0,false,64211133,64211152,1.0.5-draft
230,GBHJFFNOJZHUCMLUEJEJXRZBIBKPWAHKMDUUJGBXHWWQJF7JVEW5Q4LS,0.0220661,0.0000,100.0000,2,2,0,true,64211133,64211152,1.0.5-draft
231,GB65KLAJ7WJXRIUC6OSGX5MW3VDD6R7DKWD2N62VRRHANPGMUACOX5SN,0.0163501,0.0000,100.0000,0,0,0,false,64211133,64211152,1.0.5-draft
232,GD7HOBY7TX6WAMVCCG5PS4URZELUGV65EEXUICVBGG7X3EPNCPEYPMNH,0.0120880,0.0000,100.0000,0,0,0,false,64211133,64211152,1.0.5-draft
233,GCQSI24GF4I2JBEXIH7GVMYNMMPSUPILQU4Y2CDEXL67JHR5IIJBOX23,0.0100000,0.0000,100.0000,0,0,0,false,64211133,64211152,1.0.5-draft
234,GCPMNDGDAK5LFWEHEVXPUHUFAIDJI6PFVPJSIUAKOJQ5UGC6FQ4UL5YI,0.0098313,0.0000,100.0000,0,0,0,false,64211133,64211152,1.0.5-draft
235,GDL5LFESPBGFS7IPMSSNBONYMFDFXXE3P4R35EUG7E42LENM2AI3J2JT,0.0072072,0.0000,100.0000,0,0,0,false,64211133,64211152,1.0.5-draft
236,GCZ5MTVTQTMYU3RQQCUT2DQ3QNMSNVGWP2YZHIJRERFEQLQA33YKBB64,0.0070630,0.0000,100.0000,0,0,0,false,64211133,64211152,1.0.5-draft
237,GCB426VZ6DYX576HLZTA2X2C3CJT6ZDFNHCIIULPZYUNWC55QRFOFEI4,0.0069192,0.0000,100.0000,0,0,0,false,64211133,64211152,1.0.5-draft
238,GACC2OBDFSU4CFD2WMW4S54BAYTMCDHQURSJSWUZFPQMCWZAFNME4OAI,0.0046302,0.0000,100.0000,4,1,3,true,64211133,64211152,1.0.5-draft
239,GASFUXQFGKJFVWUCRAHL4WOWE5344SUESN7U7RDLTTJEA5Q4OQWXOWPM,0.0043525,0.0000,100.0000,0,0,0,false,64211133,64211152,1.0.5-draft
240,GDLP2OJGJ2E4WEEMRY27IJRIPC3RUAQIOZLLND32NKXMGNAEU2NJROLV,0.0015192,0.0000,100.0000,0,0,0,false,64211133,64211152,1.0.5-draft
241,GCN7D2NOZLYPWG3FKYK7DEDIPZCT357XAVMB4IBKWJBW57DALTXCZZGK,0.0012290,0.0000,100.0000,0,0,0,false,64211133,64211152,1.0.5-draft
242,GC3UWHGX3BQ3JHLKYYXT647XE2YS66X27IWTZ32IMZVEL64HI3VOJDWR,0.0009383,0.0000,100.0000,0,0,0,false,64211133,64211152,1.0.5-draft
243,GA2FOVTYGQEL26I3EJFQV3LWURSNRATCLVAWMXDBTY5E6XPT3TSV22G6,0.0009372,0.0000,100.0000,3,3,0,true,64211133,64211152,1.0.5-draft
244,GCBDC5AVPZEOSO3IAASQZSVRJMHX3UCCZH5O7S53FPZ636LQ5RHEW65H,0.0008261,0.0000,100.0000,0,0,0,false,64211133,64211152,1.0.5-draft
245,GAPNNM2YZ5KP7FCX7ENELRUEU7JZRS5ZRWWXXYYA3S6GQXXUML7HZ63M,0.0008092,0.0000,100.0000,0,0,0,false,64211133,64211152,1.0.5-draft
246,GAB63ICRW45I3OSNO4HDTEGD4GF5J7LU3H6EI4VLF7IQKFGQ6IMJFGGB,0.0007871,0.0000,100.0000,6,3,3,true,64211133,64211152,1.0.5-draft
247,GB4XWB2XCYAFURLNWOKQLYADJ2PBIYEI7U7R73O4ICRYZPMX6SBEANGF,0.0006393,0.0000,100.0000,0,0,0,false,64211133,64211152,1.0.5-draft
248,GANLGEOPH63S3GR4TL233NQMJFB3ADLVZACKI4GBOS4QSNLGNGWXASZ2,0.0005613,0.0000,100.0000,0,0,0,false,64211133,64211152,1.0.5-draft
249,GD6XSMQJ47EHHJOWXQOND5YDVZC37JWZJHYHBKE6QJFSLLJ5KQXM5QS5,0.0004670,0.0000,100.0000,3,3,0,true,64211133,64211152,1.0.5-draft
250,GAQ25ZOJ3RPBTZLRVEHHXV7EGUQCDCS5Y7GXUDWJZZXLC6N5I3U3EGK2,0.0001769,0.0000,100.0000,0,0,0,false,64211133,64211152,1.0.5-draft
251,GALSIYXRGOAZ33DMBCKX52V63CXSQVRBSRES32STN2JFGS7VUAFH3H6O,0.0001441,0.0000,100.0000,0,0,0,false,64211133,64211152,1.0.5-draft
252,GDP3KXDH7F2OXKLLKRUQFJGC4FXMNRHNKOYI7DHYL33GNSJIACIMJ6LG,0.0000233,0.0000,100.0000,0,0,0,false,64211133,64211152,1.0.5-draft
253,GDKKTVDU5CGSGISSNWGE4CEBZQJSN775MQNNNHET73NI3QAYEJYDMSSG,0.0000049,0.0000,100.0000,0,0,0,false,64211133,64211152,1.0.5-draft
254,GD6KB4YPGKONGKSPRVEOUDLSCIAD42XHCB4QWLR5AGNF2ET5T2OUZZQT,0.0000031,0.0000,100.0000,0,0,0,false,64211133,64211152,1.0.5-draft
255,GA3NU3WXKKU4SJMZF6RQZOD2MIOCRQ77IT53TXTJPNPP3GPDEPKJYLAN,0.0000004,0.0000,100.0000,2,2,0,true,64211133,64211152,1.0.5-draft
256,GDXQNNRSY5HFXKNS6C6S6LQBUMZ6GF6IRDV3QE4RJC7VLAUMWAZEUHHD,0.0000003,0.0000,100.0000,0,0,0,false,64211133,64211152,1.0.5-draft
257,GBX72VJCZCKKQLTB5PDDHVDAJZOYB5MUFRNPI4WNVY25MZDRTRQ3A6M3,0.0000001,0.0000,100.0000,0,0,0,false,64211133,64211152,1.0.5-draft
258,GBXI44GPI4Y57M6V5TMD2BRK3DY7FBN5IF6TJC2SLU2B7SY5VNV3LL7J,0.0000001,0.0000,100.0000,0,0,0,false,64211133,64211152,1.0.5-draft
259,GBXJVNKTOIOKZUMU4Y7YOEYWZFSTQKZPWURYS7JGERR7IW5LGBWSGQTX,0.0000001,0.0000,100.0000,0,0,0,false,64211133,64211152,1.0.5-draft
260,GCMN4YHLXOFKFC7XJDNXH7JYZRPAAGAN7GZS7542GOED76R7DYWKO6UJ,0.0000001,0.0000,100.0000,0,0,0,false,64211133,64211152,1.0.5-draft
261,GCRT2PT4IQC37TF4CSPA2JY3QZBDMZ66FQXDCBYFC56YP7GCAODD2G7J,0.0000001,0.0000,100.0000,0,0,0,false,64211133,64211152,1.0.5-draft
262,GCSO6DAFG52JZDJOB2ZXY3FZBCFJIEINR2BXNA2TTTCMFAOL5SQMIPW6,0.0000001,0.0000,100.0000,9259,8277,982,true,64211133,64211152,1.0.5-draft
263,GDIW5BMYUE3ZTGOPHCWBYZQYVCOBZHU2XS36JIZB2YS6ETPGEO5XSB6I,0.0000001,0.0000,100.0000,0,0,0,false,64211133,64211152,1.0.5-draft
