account_id,trustline_status,balance,traded_in,trades_total,trades_as_base,trades_as_counter,snapshot_min_ledger,snapshot_max_ledger,methodology_version
GA2FOVTYGQEL26I3EJFQV3LWURSNRATCLVAWMXDBTY5E6XPT3TSV22G6,holds a non-zero balance,0.0009372,2026-02,3,3,0,64211133,64211152,1.0.5-draft
GA2X4GX5DEW7FANH4AFVULQJ3SAQCGYVCL6N3OA7RGCEHKIWIJCZHPWV,no trustline at pull,,2026-08,1,0,1,64211133,64211152,1.0.5-draft
GA36GCRWHPEQO67IGCBYSTKFPY4KUFJX65CFP6B6BSOEDFWQJEGB4A4V,no trustline at pull,,2026-08,1,0,1,64211133,64211152,1.0.5-draft
GA3MZAUSXUJFLEQEMIK5QZXZJOT3XUIEHOK7OVGGOSSFFWTF2LVDC7X3,no trustline at pull,,2026-02 + 2026-08,9,9,0,64211133,64211152,1.0.5-draft
GA3NU3WXKKU4SJMZF6RQZOD2MIOCRQ77IT53TXTJPNPP3GPDEPKJYLAN,holds a non-zero balance,0.0000004,2026-02,2,2,0,64211133,64211152,1.0.5-draft
GA52GNORRIE2ZNLIYV7TQMA75LCQDIMVUOACGEKPQTKE47CNOXLODWAS,no trustline at pull,,2026-02 + 2026-08,10,7,3,64211133,64211152,1.0.5-draft
GA542INWZHMZHP4UPJZ7MG45BZQRVMCIONWVSXVBCQMZ7XAEJL2YOJWF,no trustline at pull,,2026-02 + 2026-08,8,4,4,64211133,64211152,1.0.5-draft
GA5RBG3ZICYRHJ6WDAWCIV6GSKKRCT2CKUQUWDBMRYFD7TJ4NMY77CQV,no trustline at pull,,2026-02 + 2026-08,5,3,2,64211133,64211152,1.0.5-draft
GA65TDIOSBUMEOVKV4HRQWTTJMCKDCH3XK7TOVBXXD6FGQMVUPRISXWD,no trustline at pull,,2026-02,15,8,7,64211133,64211152,1.0.5-draft
GA6OFJO6XCCOYRWE6CWLRYBIYMNBBODAHKDHJYP42KMXMPBFQZNI4Y7C,no trustline at pull,,2026-02,1,1,0,64211133,64211152,1.0.5-draft
GA6QBLU7CMZ7XTQYPXS253323YBTKRP2YU2BUQP4VFUKUQGEXNGIOXSM,no trustline at pull,,2026-08,1,0,1,64211133,64211152,1.0.5-draft
GA6SYMFVLA74WVIHZNGLDQHET4APUQ5RDWX3Q46I56FC55PCI22PCLXY,no trustline at pull,,2026-02,59,27,32,64211133,64211152,1.0.5-draft
GA6U5JBVNTC2EKQHPZ5MEDZGJCWXLKPSJG5HAGFFMVA3UTXV5GVTWOVA,no trustline at pull,,2026-08,7,3,4,64211133,64211152,1.0.5-draft
GA6VKAKAQ6WTVZW5C45K773R7VWALJIBIHNGRVTRJA45PLKY5MN6GDOY,no trustline at pull,,2026-08,1,0,1,64211133,64211152,1.0.5-draft
GA7EDMNIJATCVSIYJSS5XJPSS3DPEBQRBTGG5ZPLGMKMWPZJ5F27IFQQ,no trustline at pull,,2026-02 + 2026-08,8,6,2,64211133,64211152,1.0.5-draft
GA7JBOZ7DQ5QQWSHZHAGL5DSB764O3PSDXIRPPO6DCGE25JTDL2NW5MC,no trustline at pull,,2026-08,1,0,1,64211133,64211152,1.0.5-draft
GA7O3ZGCR6TL6PSSJJYGEPQRYF4JOPGWULTFTZVSVSGXUZIFNYH7SH3L,no trustline at pull,,2026-02,1,1,0,64211133,64211152,1.0.5-draft
GA7OUL2JINNCMOAX2VMATVLI3XWCQQTMOIUDWFHBOQCRKAQBDEQU7QKY,no trustline at pull,,2026-08,1,1,0,64211133,64211152,1.0.5-draft
GAAGOD2OIRYWLAENFO27YL6NTFRPAGBJBC6LFVADUWHQUOSL22KIKKKE,no trustline at pull,,2026-08,1,1,0,64211133,64211152,1.0.5-draft
GAAIONDFMU2YT5JYRLRYD6ZB3G2X3IZLZSGO3BUABWAY7RWJOD346JDO,no trustline at pull,,2026-08,1,0,1,64211133,64211152,1.0.5-draft
GAAPLO3QJLEATSXJNDKCLLABGCNVABPRXJDA35YXKCKGCQJ25IQWD5XR,no trustline at pull,,2026-08,1,0,1,64211133,64211152,1.0.5-draft
GAAS5T3XLDLQ7BI6XVCHPTPPMDJYFB534XIL4WUVYWN2HDCOULYZFTY4,no trustline at pull,,2026-02 + 2026-08,13,10,3,64211133,64211152,1.0.5-draft
GAAXZMQL64IF7AHAEZA2MFQ4HG3LYOUGZQNCUZUIWNJPLSQLRAHN2AHP,no trustline at pull,,2026-02 + 2026-08,3,2,1,64211133,64211152,1.0.5-draft
GAB63ICRW45I3OSNO4HDTEGD4GF5J7LU3H6EI4VLF7IQKFGQ6IMJFGGB,holds a non-zero balance,0.0007871,2026-02,6,3,3,64211133,64211152,1.0.5-draft
GABFRFPYM2BXM4OM2ZA4YDBWY4CMPVESHQMKXSM47MWWJD4TW2KQDWWN,holds a non-zero balance,466575.1270394,2026-02 + 2026-08,55199,22287,32912,64211133,64211152,1.0.5-draft
GABGQYAH4JFP5F3LEZEDVUMWPHQK5NDFKQ25VUYBE4A2RFHZQ2OPVH7F,no trustline at pull,,2026-02 + 2026-08,2,2,0,64211133,64211152,1.0.5-draft
GABIOWBZG6IXN7ASBBCDPJ2KK5OWQ76UDV3PN4WPQT5MUCFCUQR4JZLE,no trustline at pull,,2026-02,62,34,28,64211133,64211152,1.0.5-draft
GABP2PTDPCWKMDTT7VGG6HJM5DPPG6TQJUEGFUGO4YCZXTVUXUQ7XSI6,no trustline at pull,,2026-02 + 2026-08,5,1,4,64211133,64211152,1.0.5-draft
GAC6QV7NDADREIRHXU6LNE5LF4BQ2KTUAVPIVZX6YXPQE6ZOACHK5NUJ,no trustline at pull,,2026-08,1,0,1,64211133,64211152,1.0.5-draft
GACC2OBDFSU4CFD2WMW4S54BAYTMCDHQURSJSWUZFPQMCWZAFNME4OAI,holds a non-zero balance,0.0046302,2026-02,4,1,3,64211133,64211152,1.0.5-draft
GACCB6RW6I4VXKO6FJUAS5COV3TNAJCVILKBSARVGVNIBBEVKVSGCBEM,no trustline at pull,,2026-08,1,0,1,64211133,64211152,1.0.5-draft
GACF36TXCK4P2HSD6XVIIX5RC7G2UJTIOCPBQ7DY2OAB5JVDXMNLQANQ,no trustline at pull,,2026-08,1,0,1,64211133,64211152,1.0.5-draft
GACILNVZCTNPSAXUOOMH75MBXKFFOBRTWUG64Z6Z7QOJF2SG436VSUTJ,no trustline at pull,,2026-08,1,0,1,64211133,64211152,1.0.5-draft
GACJLCIMTADKHHKPKI7PBRETH7BT3ALZNTLDNGNK4KHZHOXKOZYA5VAB,no trustline at pull,,2026-08,1,1,0,64211133,64211152,1.0.5-draft
GADSSHSO7KFNODKZ3FBYXXAQFKLW6QCOXMOZSYEM4XAHW54IYYM5FLWO,no trustline at pull,,2026-02 + 2026-08,17,12,5,64211133,64211152,1.0.5-draft
GADUP4XUZ5PUVDRX6DXZRTSVIIZW3CXOQPVGARBKBUVMPZNKG7DE4W4M,no trustline at pull,,2026-08,2417,1734,683,64211133,64211152,1.0.5-draft
GADUWAZOC3Y2QT2WGPS2GT76YP2F7NR6G5BXNVEJF5TJYMKNTYDHFR3O,no trustline at pull,,2026-08,1,0,1,64211133,64211152,1.0.5-draft
GAE2PTI6HG4SUCHTH7VJ2VDMFOVMXVH3OYW66SN2B6BK5QQUKZRKFL6S,no trustline at pull,,2026-08,1,1,0,64211133,64211152,1.0.5-draft
GAELEOBSLSTTEOZNHLYQ4NM7AW54HZW7KHJPPCNPT3SSCS2ZXIPZI6IE,no trustline at pull,,2026-08,1,0,1,64211133,64211152,1.0.5-draft
GAEWJW7QTMVMZBD2EZBHOD2FY7KHP34HWLA5B7RT4TUJ4OOYEYWPROTJ,no trustline at pull,,2026-02,1,0,1,64211133,64211152,1.0.5-draft
GAFB7IYPCYZCODQBB5BR5JO45JC4PPVLARUAXQSFHWTLH2KMHPWJ36GD,no trustline at pull,,2026-08,11241,9720,1521,64211133,64211152,1.0.5-draft
GAFEDMD42RJVK4TWOV7QXFTBPJOU7HIKS4DBNKZYUNFUEK24AW26ZJJ5,no trustline at pull,,2026-08,163,76,87,64211133,64211152,1.0.5-draft
GAFIAE3DA3ZHGXVLVOAEYYBJM5ZQPCJZ4N6XGTI5UCQUVDX62F6HBB4R,no trustline at pull,,2026-02 + 2026-08,2,1,1,64211133,64211152,1.0.5-draft
GAFQVA4W6N7MTURDY3VQIZCDPQDTEW3ZTNZAFU37UAUDVCAIVFC6W3OM,no trustline at pull,,2026-08,1,1,0,64211133,64211152,1.0.5-draft
GAFYXEXG66CVYM4F73M3SYSMNTCZ3O2KLC7T25GH6W63AJKSUWOGJFVT,no trustline at pull,,2026-02,2,1,1,64211133,64211152,1.0.5-draft
GAG2KBHTPWUFOFS6PEHGZDZSGIQ5KAE4LNEGMUCTBKGZMHAJ5EXJBARS,no trustline at pull,,2026-02,151,60,91,64211133,64211152,1.0.5-draft
GAGWN4UM3IABK37TYR4FVQZ2DTH5VLUZ2656NSV6AA7FD6WUDJCXBEN3,no trustline at pull,,2026-08,1,0,1,64211133,64211152,1.0.5-draft
GAGZIKPS4FCBPKTL7YZHFWNODPOX2GHSA6LDPOIUYNW7B3H7NUKO7AP5,no trustline at pull,,2026-02,3,2,1,64211133,64211152,1.0.5-draft
GAIEPBGN5PFYDADDFNNDXERXIUMEHZGYSRFBEWFA7PGSESRS57LSKFCL,no trustline at pull,,2026-08,1,0,1,64211133,64211152,1.0.5-draft
GAIN2HU2ITUZPLGNWSH7JXXROL7MYIWDYXCUQDMQVJXFBEBPETSZYHNF,holds a non-zero balance,915.9913951,2026-02,2,2,0,64211133,64211152,1.0.5-draft
GAINDVHGHGSIH6AO4C2DBLOWSPGL6CVPBBNKVXIOFZANAWFZPTVOHAUS,no trustline at pull,,2026-02,1,0,1,64211133,64211152,1.0.5-draft
GAIU3QEJSGSLMTH6TYLE7WMEKV3RGCL46MX5CTQGNGIHZXIAF5JJCTQ7,no trustline at pull,,2026-02,1,0,1,64211133,64211152,1.0.5-draft
GAIY6FWAYXU2EOGZ3W7HTFGKGBYNBO2ONRHGAYKBUVSY72H6UGGUJ75A,no trustline at pull,,2026-08,1334,1135,199,64211133,64211152,1.0.5-draft
GAJ5BCJQMTG7E56A624ZEGWKUPXNH5NAADAVMCNQ6LOCUPRCBFWYE6IR,"trustline open, zero balance",0.0000000,2026-08,1,1,0,64211133,64211152,1.0.5-draft
GAJIO55Z56JCFANWSP6BDGMPNUYWEOWCNGDMMCTDH3A4XEUL72LWW772,no trustline at pull,,2026-02 + 2026-08,11,7,4,64211133,64211152,1.0.5-draft
GAJTBADJGRHH557BLISRHWRSAW3ZPGXN4UK2TOPBVTJEDD6ZYQLQYREA,no trustline at pull,,2026-08,1,0,1,64211133,64211152,1.0.5-draft
GAK5KWQTTYCIOYZ4BAY6YFF6O5TG3UNQ73AVYMLK62WTASRVSSGKSCSD,no trustline at pull,,2026-02,5,4,1,64211133,64211152,1.0.5-draft
GAKFQBLRL2XQ7XTW5645CA4EFWZMHQG5VR6QBZALVFAVC7T3QTJUZ4KI,no trustline at pull,,2026-08,1,0,1,64211133,64211152,1.0.5-draft
GAL6OAYMEISR5ASHEQLXWLEXBD236EEXBOWRSYV4ZXE6MLBS4X4QDYCU,no trustline at pull,,2026-02,266,94,172,64211133,64211152,1.0.5-draft
GALHF53GCYWGURCXO55SJ45PG2UV2SX3W4ACYLGVLJ4PEIEJ2ZZQ74IT,no trustline at pull,,2026-02,1,1,0,64211133,64211152,1.0.5-draft
GALL45K35HS2KSHWDFVMIFCCGQVDLMY2BWNK7CTMPAKADOTHYQ5SZS7Q,no trustline at pull,,2026-08,1,0,1,64211133,64211152,1.0.5-draft
GALMOTUVDYGDSJZWI7FZCLD7DC7DHYTPZ7AAIVRPP5KNVPVLBJLCAPSI,no trustline at pull,,2026-08,78,31,47,64211133,64211152,1.0.5-draft
GALTA4AQOCVCCYGQLPYJV5KWSBP2OUFQG47GGI2KDID72TF2XHZAISBU,no trustline at pull,,2026-08,38,29,9,64211133,64211152,1.0.5-draft
GALVH3VMM5Q3MEZPSEH7XI4HQLYRBRFJQYLMPGGYNA4D7HBRJNGWTTGZ,no trustline at pull,,2026-02 + 2026-08,4,3,1,64211133,64211152,1.0.5-draft
GALWVT2JSDIWEX7AP2HTDPNKX542UFURPAPCCEXFRDHDKEKEX2XYM3TC,no trustline at pull,,2026-02 + 2026-08,8,5,3,64211133,64211152,1.0.5-draft
GALXMUDWVFRXLQQVCPLFWS5IULKCJS637V5R7BVZGA2QFFSSQ35T3HLH,no trustline at pull,,2026-08,1,0,1,64211133,64211152,1.0.5-draft
GAMMQJQ6O6KQWPBATHLQWYEDCYKLNAV2D3XG5SQSVHJ6BTMQLSM5MSLE,no trustline at pull,,2026-08,1,0,1,64211133,64211152,1.0.5-draft
GANBKFJGGLOMHQPW2CK55BTWS3Q5JRCSJOCLMDHOO4YRAAZFXOLJBORU,no trustline at pull,,2026-02,2,2,0,64211133,64211152,1.0.5-draft
GANMIQKRY5IBWVW2LRSQENMM2QMYBZCA7JYDRKMLQFS5PRV34ZDWQBRO,"trustline open, zero balance",0.0000000,2026-08,1,0,1,64211133,64211152,1.0.5-draft
GANUMAF4ZXKRBGNOQPR33FKS4XQQ3JUMKKWXQR4KR4INWPFXF44QPIPH,no trustline at pull,,2026-02 + 2026-08,17,8,9,64211133,64211152,1.0.5-draft
GAO3OJZTD2TO75M3ORRGKU4AP6U52DSUWQ5WOMLTRL6GYLWDSPR5HOVB,no trustline at pull,,2026-08,17,12,5,64211133,64211152,1.0.5-draft
GAO6OA7JJ6WULHHSBX6PESA7AQFZVS7VNU2DJF5CNJZLDQCU423L64YO,no trustline at pull,,2026-08,1,1,0,64211133,64211152,1.0.5-draft
GAOJ273VPO2DYBIGJ4HXMD63WRF6S56JCRZTMZVTSTEUQ3XVQW6CKRFA,no trustline at pull,,2026-08,1,0,1,64211133,64211152,1.0.5-draft
GAORKTKZPLU2Q3EWFFMW6QL6CNQ3XOOLWVD4PDWIM3LMYTWPUAVOWG6G,no trustline at pull,,2026-02,69,38,31,64211133,64211152,1.0.5-draft
GAOYOAU4LEIPYDVELVI4MV62V4QVHVET3GPRXXJY6GVBTZXW476UWSEH,no trustline at pull,,2026-08,2,0,2,64211133,64211152,1.0.5-draft
GAPBYJXAN427H5BZMTVEDYUFEL3XICPAXIZLM7ONSRVKR74JLXGYKOMK,no trustline at pull,,2026-02,7,7,0,64211133,64211152,1.0.5-draft
GAPL7LIN6I3VAL7OOCNDUFZOYFNJDYS2O62M46DD7X6WHHBDMUTI73HW,holds a non-zero balance,1.2341568,2026-08,2,1,1,64211133,64211152,1.0.5-draft
GAQ6KSJNJUH4SCQPWWLUAYCCE7D5ZPZT4ZKWNJNDPWVLOEPKCU4QZVF2,"trustline open, zero balance",0.0000000,2026-08,129,86,43,64211133,64211152,1.0.5-draft
GAQIDZD7B6GTQNFRQZFCY4C2RZMZQZVUB6RUOQYKGB5QU6ZI2LGMX63Y,no trustline at pull,,2026-02 + 2026-08,7,4,3,64211133,64211152,1.0.5-draft
GAQP4A2J33P4JODP3BUJC6GJBZDU2EVD3RSJIDRRLCR72OS5PSUKSJFM,no trustline at pull,,2026-02,5,3,2,64211133,64211152,1.0.5-draft
GAQR2KPRAPRUB43JJ7QWWTHEWBFH55WBMEZBZNLZ3D23NVMPUMDAIMHM,no trustline at pull,,2026-08,2,0,2,64211133,64211152,1.0.5-draft
GAQWIKIIPMU7MCTG4BXUOQ2ERYJKXLOCMJLPVBLEJWWUIO7NGOFRUKU2,no trustline at pull,,2026-02,1,0,1,64211133,64211152,1.0.5-draft
GARFNNSANVO2U2TKPBGRVLEVS5DLRAI2CI5VVNRQYVB3RSILSJP2J4TZ,no trustline at pull,,2026-08,1,0,1,64211133,64211152,1.0.5-draft
GARUTRW4EM5OECFZXM4VIZQQRILJTYD5WYYGFAVG47OV6376L4I6EV37,no trustline at pull,,2026-02 + 2026-08,6,3,3,64211133,64211152,1.0.5-draft
GAS4LCR6B4WTBOGFFDQAPLE2QCYFRLXNHWW64NON2QXLRW4LUWBMQBMY,no trustline at pull,,2026-08,1,1,0,64211133,64211152,1.0.5-draft
GASAXWRQCKI5RRLBMFMUOV342DY4TKJM6DE6HZMLGOPKMZLKK43MMDXP,holds a non-zero balance,0.0516237,2026-02,1,0,1,64211133,64211152,1.0.5-draft
GASB76SYSIS6ERWG2CNZAFUBYXJPBQEE6VADWJTGOI3BDDCBNINPCTTS,no trustline at pull,,2026-02,147,38,109,64211133,64211152,1.0.5-draft
GATTKWTSOMYMREAAMOYWAQRJEMMOT2M2USYFPSRZ6M3WO3SB2SPLPTRQ,no trustline at pull,,2026-02 + 2026-08,8,5,3,64211133,64211152,1.0.5-draft
GATUKMTDJK7UHSTNNT2POZ3HK2FJRJZK557ONKX5GRVKDKGEBOP67H4F,no trustline at pull,,2026-08,5,2,3,64211133,64211152,1.0.5-draft
GATVFSGEEPPTV2DFM76WE6LVTKH7QTL4TSLX6L3T7BL3UC2VXRCVTBWS,"trustline open, zero balance",0.0000000,2026-02,3,3,0,64211133,64211152,1.0.5-draft
GAUIKGAXXRAEVOREIBTJU6YOSKU2RN4NLTCLQT536S676ANQWRO4R47H,no trustline at pull,,2026-02 + 2026-08,7,4,3,64211133,64211152,1.0.5-draft
GAUSKYGJEJE4DVB6ABJZXZYA3ONWHJ4Z67MHEEALGBRRKW2YC4KGEZ4T,no trustline at pull,,2026-02 + 2026-08,7,3,4,64211133,64211152,1.0.5-draft
GAUUNG3AOJOEGHVKCT2RY6MJNSUXANY22R76Z742AXK4CKLXENYT2XW3,holds a non-zero balance,0.6052605,2026-08,2,0,2,64211133,64211152,1.0.5-draft
GAVAU44U7NUYWO7B5ZWNAGDGFZT2JGHCMAYI4FPABE4NQW6GZBF4I4CV,no trustline at pull,,2026-08,1,1,0,64211133,64211152,1.0.5-draft
GAVF57JGQXIXWKZHCQ7T42NL7NLGGVMODLNKBC3P2FRZGUTBFI5TDUOT,no trustline at pull,,2026-08,1,0,1,64211133,64211152,1.0.5-draft
GAVF6ZLXBIG2K56IRKHENYBO3BDOW27VVNFV3BUHPP233YHHS4TRW4JJ,no trustline at pull,,2026-02,65,0,65,64211133,64211152,1.0.5-draft
GAVKXUSKJGXROYGKS7SFVPUFR33AMPWFLKPB2SZUO2HQURPFUWIHGY2H,holds a non-zero balance,4.6907962,2026-08,13,6,7,64211133,64211152,1.0.5-draft
GAVYIUWQFQX2GJ7FWNGVXSSLMJO75V5XY5M2YON4DKYD24LPB6QLCERP,no trustline at pull,,2026-08,1,0,1,64211133,64211152,1.0.5-draft
GAWMUUCFS3G3CFDFUBZA7LQOUL3XD3BDH336QZ7CRPLKVGK5UW23MQUB,no trustline at pull,,2026-08,1,1,0,64211133,64211152,1.0.5-draft
GAWRJYZOSXAXZMZLVBQ2WKJNNVEZPMY5J2RVBKWSGFHSQUL4WWQNKE2D,no trustline at pull,,2026-02 + 2026-08,9,7,2,64211133,64211152,1.0.5-draft
GAXDWGRZJDDXPAUWHSR5QPE3EE5CHNPTTWEJDYJTOYYHH77RKZH7I74T,no trustline at pull,,2026-02 + 2026-08,13,8,5,64211133,64211152,1.0.5-draft
GAXIBCI7MZBDLCN2427HWPDQW46TN2R462FRV66S4AOJC2SGVYGBXMV6,no trustline at pull,,2026-08,1,1,0,64211133,64211152,1.0.5-draft
GAXL77JO7PKJ6IVO3LVZEYTMRN2ZG5A5N7ZQXLCR2RORTAKE4NAJQBAX,no trustline at pull,,2026-08,1,1,0,64211133,64211152,1.0.5-draft
GAXZXUBAWZ6MFQCDUJ66JZGSFUG4UXL5MXXPJJ4LSX44T5A5JQPBZQP5,no trustline at pull,,2026-02 + 2026-08,4,4,0,64211133,64211152,1.0.5-draft
GAY2KTP5NBJ2T6X5T2V7QWMXNUSAG7GTEESJDGEEBW4GAYXHVB7H4JGM,no trustline at pull,,2026-02,1,1,0,64211133,64211152,1.0.5-draft
GAYCZUWLNSNGP6V7AOMKFHTXTYJHQVPDRH6PLFFMI542NQ6QDBNO6J3U,no trustline at pull,,2026-08,1,1,0,64211133,64211152,1.0.5-draft
GAYHC7JEABJ7IF4HFTJU73XJLFJCCYT77ZGPVHOYPXPLVMYRAFIYHPVF,no trustline at pull,,2026-02,3,2,1,64211133,64211152,1.0.5-draft
GAYNJLJI63HFXQHVNGOHVLQKB2NIYVDAIG3AE46FNSUXZ45PGFBLJ3ZT,no trustline at pull,,2026-02,1,1,0,64211133,64211152,1.0.5-draft
GAZJEF6WLJQNBKSTW5LWUUK6J3FRTT56RWVZ37YOLJI65SVULQ4K5TD7,no trustline at pull,,2026-02,4,4,0,64211133,64211152,1.0.5-draft
GAZK2UONQVX4AVELYTGQOHA7FDJXA7D26EF6YF57CRTNX5K7P3F2WUGI,holds a non-zero balance,8.7964428,2026-08,4,4,0,64211133,64211152,1.0.5-draft
GAZRGNL3X2ZMRVITJZUC5ZVSN6G23Y5OVZCMO6E7BTUJTPK4MYPHU5TV,no trustline at pull,,2026-02 + 2026-08,12,8,4,64211133,64211152,1.0.5-draft
GAZU7YIGKY76UFAQ5YO76AHNCMJCUD62C7LXRMQUUUNYXU5ENZRFMGPY,no trustline at pull,,2026-08,1,0,1,64211133,64211152,1.0.5-draft
GAZZFPITATFABJ2NRI56BD2WJYRXLQU7FKRKWJGN7MH7SZ4VBKE6YZK5,no trustline at pull,,2026-08,1,0,1,64211133,64211152,1.0.5-draft
GB2IXNYZTTOFPTPGYXVA44XXTGCTTLQS7DO5JU2NQONVSHFRXXOE7P6J,no trustline at pull,,2026-08,1,0,1,64211133,64211152,1.0.5-draft
GB32UI3LA2EDHJVKCLWIZY7LWRT5S6ZHWCQSCT6PW3AYM7J62AQ7TCNK,no trustline at pull,,2026-08,2,1,1,64211133,64211152,1.0.5-draft
GB34SB4GTDPWPZ3D6TKBPN5YFWVVOMI6Y2SRWKVNPF5QRUPRCUBJQ7LW,no trustline at pull,,2026-08,1,1,0,64211133,64211152,1.0.5-draft
GB37DH4CM64RFUJ4LVNGTECDITMYELOBFUW7CR36644JZMFYZA3UBHQW,no trustline at pull,,2026-02,7379,3689,3690,64211133,64211152,1.0.5-draft
GB3JCHJUP6HHZJLN5LKQDRFP2HWSLNXYE2TGWDGBTNXIW6MLVRQXNDBC,"trustline open, zero balance",0.0000000,2026-02 + 2026-08,142,62,80,64211133,64211152,1.0.5-draft
GB3LKXDV7MKIJ7YTCFBVGPMGH3CTXMR4DESXS2XUM6FH32HR6NCYOXCC,no trustline at pull,,2026-08,344,185,159,64211133,64211152,1.0.5-draft
GB4CL3MO742BEQJILCSBQ4J5A4GRSZKC3CATLJRW2NFYW7UKC4DZMUL5,no trustline at pull,,2026-08,1,0,1,64211133,64211152,1.0.5-draft
GB533ELYALMMI4YYCUS32375NX4M67YTIZI5JCP4DKJ3Z6MYVSDMJPU6,no trustline at pull,,2026-02,1,1,0,64211133,64211152,1.0.5-draft
GB5LKM5LLKQHL5YBDQK27AMZPVBX2IHVIVGKLOAZBVHHZMTLZHXCUAVU,no trustline at pull,,2026-02,2,2,0,64211133,64211152,1.0.5-draft
GB5QL5NPTFKIOJYIWFY7D66RJQZFCI3I2C6J2XIBLVBY6RNLA4HB5OCR,no trustline at pull,,2026-08,2,2,0,64211133,64211152,1.0.5-draft
GB5RBKB44BIKSBM6EDU3VPCKYLMG6AUMSAUYFXNEY2D35DNNDS4TNB2Y,no trustline at pull,,2026-02,10,8,2,64211133,64211152,1.0.5-draft
GB5XN6MJZKLLMKWSNO5QOKKNEU264J2GM6MBKAYEPPZWIUQ5OCQC2VJI,no trustline at pull,,2026-02 + 2026-08,29,10,19,64211133,64211152,1.0.5-draft
GB5YRXL7HPQ53G4C77KWSF7LQUZPRZTRGPC47JRWJGX3L6BWEEIOLGKD,no trustline at pull,,2026-08,1,0,1,64211133,64211152,1.0.5-draft
GB5Z6SOGDDWNKN74MGMB2JXIU4EVKO64NRQSY5OADVCLTSWA5UPHW6Q7,no trustline at pull,,2026-08,1,1,0,64211133,64211152,1.0.5-draft
GB6YM6S6NW5UDYQASFDFXHCIVLY7BEPRLYVUBXWME6K7YZKKA4VE2Q7C,no trustline at pull,,2026-02,27,15,12,64211133,64211152,1.0.5-draft
GB76OPKFMAYOITZHML3ZLGC6MQMVESBOM6WELSYED5ZO63VYJ3HEETRM,no trustline at pull,,2026-02 + 2026-08,13,7,6,64211133,64211152,1.0.5-draft
GB7FZIUYDPOVOGCNCCKEG46MK45WPKXPXA5AWLRTTDKFCPRNPY67EILI,no trustline at pull,,2026-02 + 2026-08,254,127,127,64211133,64211152,1.0.5-draft
GB7MUAU7CWAG4QNZQXFN66UC3RXAOWACX2ZINRDFFBXKKECQJTVTA4T6,no trustline at pull,,2026-02 + 2026-08,6,4,2,64211133,64211152,1.0.5-draft
GB7QIGUVTWCJWBCZUT2VG44JDAHPUD65Q2T7MHQXYHVRAII6FNNJQVVZ,no trustline at pull,,2026-02 + 2026-08,10,8,2,64211133,64211152,1.0.5-draft
GB7SSLVEGCGO5ZNE3MZLJZI7EA7WWJ5XOL4LCFEDHNY4SXT46CJQID2G,no trustline at pull,,2026-08,1,0,1,64211133,64211152,1.0.5-draft
GBA6M5YOKJFZAAPXCKYTNAUHV2VLYQF6FDSORHUCBJHH2URSTQQOCIO5,no trustline at pull,,2026-08,1,1,0,64211133,64211152,1.0.5-draft
GBAMEXG5GVDFPEYKW3BLOZHZC2QN7K6DI5DN6EHP5WX4U3AZQENSMECJ,no trustline at pull,,2026-02,667,431,236,64211133,64211152,1.0.5-draft
GBAOOIWRLTMHPN4TSVGN4WUSJP2JIGNNSIAJ6N6IMG46IAN4ZJP2EXEG,no trustline at pull,,2026-02,2,1,1,64211133,64211152,1.0.5-draft
GBB5EWJZNC7DUS47K4MBIK7AN4ZEZFVBBTDRRWZB4VSMIM3VSRXWRBYK,no trustline at pull,,2026-02 + 2026-08,4,2,2,64211133,64211152,1.0.5-draft
GBB6JOP6QVFJ6GQFQI7MHTAGBRXDFRCMSKXEXYUE5YVMBDTNM3CED7XA,no trustline at pull,,2026-08,1,0,1,64211133,64211152,1.0.5-draft
GBBXLZQEZVMVP3NJDQIKBR2P4H2F3TVLACXLMOBCNSQ6IEPORFCJYEKG,no trustline at pull,,2026-08,1,0,1,64211133,64211152,1.0.5-draft
GBCC4DK4KJQTQ6CZVNOZTZYDHMFKZMRSXLE2JN3NWBBGEAUKZHUTDDXA,no trustline at pull,,2026-08,1,0,1,64211133,64211152,1.0.5-draft
GBCDDLOJGV7SSZVWCW4IYRHFVZZD4OXKFT5CLM7ZWLQD6PGU2DYHEKCT,no trustline at pull,,2026-02,1,1,0,64211133,64211152,1.0.5-draft
GBDA4CVFJZDXEEZDFXCUBGMWYTNDKMYROIF2MBL4A3BCFCA5CT42YKZB,no trustline at pull,,2026-08,2,2,0,64211133,64211152,1.0.5-draft
GBDKKXFWJPVNM2NTQPWRXJYIFAR6VU7Q5EIMFTMC5LUVP2SIVP6GPBAT,no trustline at pull,,2026-02 + 2026-08,8,6,2,64211133,64211152,1.0.5-draft
GBDU3VTMHHZIR76OJ7ZVWPBECY4TLJJ267OYFGKKFFDDACX2XFMNKL7O,no trustline at pull,,2026-08,1,0,1,64211133,64211152,1.0.5-draft
GBEAAMCCMJSHKTFE5KMPE7ITJ3BHL4O3FVNRWZ44EWBDCT6HHZOCAGPG,no trustline at pull,,2026-08,1,1,0,64211133,64211152,1.0.5-draft
GBEJMHIMASJBIGGV5UKACNIZTQN3ZCILKZBH6W5PFI5TPCFPT5ASN4CW,no trustline at pull,,2026-02 + 2026-08,11,5,6,64211133,64211152,1.0.5-draft
GBELZYWQJCT6UHHWTEBWLIXNT4NV7SLJ3LTOECOQRKRQJNLAY6JMHFQX,no trustline at pull,,2026-08,1,1,0,64211133,64211152,1.0.5-draft
GBEMWOCNI7FT4QHLIQ66HVPFJKCP47FE5MHWJPMSRBD5CE4ELSEYEE5P,no trustline at pull,,2026-08,1,0,1,64211133,64211152,1.0.5-draft
GBERASPPPMZEUYGQKC5HM3M244LK6M7UEOMUE25ZIEOIHDOKINPOGBFV,no trustline at pull,,2026-08,1,1,0,64211133,64211152,1.0.5-draft
GBEUHDMRM235TQ6C7UN7IY6I47VF4XMGPWVTRMWLKGWE53KBDN2SLF6B,no trustline at pull,,2026-02,1,1,0,64211133,64211152,1.0.5-draft
GBEWGJZ37PGFE47IMUEGK6PAXVCUSMD2GY7UJQ2ALLF24D2FQ2NNQAY5,no trustline at pull,,2026-08,1,0,1,64211133,64211152,1.0.5-draft
GBFIJGR7KECNFPZPB6PZJR3NBP4HK5IIZ7GZES7OB4LSWB7OA7JGNELU,no trustline at pull,,2026-02,1,1,0,64211133,64211152,1.0.5-draft
GBGGTFO2B46XM4YGP3H3IEC7PXFEFKUYKRTI747P2ZT2PNYRBHYDC5LQ,no trustline at pull,,2026-02 + 2026-08,11,10,1,64211133,64211152,1.0.5-draft
GBGPWAMKVZ54TK6LIYEAZF5MBA3UABQSNDMJUQYOVJ7TY3DLCHI5KB7E,no trustline at pull,,2026-08,2,2,0,64211133,64211152,1.0.5-draft
GBGRBCUB6L7LH4JQ6EPDP7REH2DDACMCUQI76M3P6DM52QWU2Z5LIEVW,no trustline at pull,,2026-08,112,77,35,64211133,64211152,1.0.5-draft
GBGZMFW6L4HLBN6KWFPA3O7WQ3KSPYXYYHSNIXFN2WFYTZXHFMNHWZTS,no trustline at pull,,2026-08,1,1,0,64211133,64211152,1.0.5-draft
GBH4XBJ4XKWWNE7MXEID5XJXN4H2F5ENPV6V5L3BITPLZZJUOQKBWLVW,no trustline at pull,,2026-02,1,0,1,64211133,64211152,1.0.5-draft
GBHJFFNOJZHUCMLUEJEJXRZBIBKPWAHKMDUUJGBXHWWQJF7JVEW5Q4LS,holds a non-zero balance,0.0220661,2026-08,2,2,0,64211133,64211152,1.0.5-draft
GBHMLQMGGFOW5GQFXM46SJOBQQB4IQ36DEHUZWSF47E3BEP7D2ETGTGY,holds a non-zero balance,0.4996500,2026-08,1,0,1,64211133,64211152,1.0.5-draft
GBIMNAUSOPDS2WPNVMEKTZQQLLHKM7XJDD3EDLDBBIILEVREUVYQR22T,no trustline at pull,,2026-08,3,3,0,64211133,64211152,1.0.5-draft
GBJ5LEAEGYSWO4CZCDHC2I4SZJREHGTM4BU24WOKSD5XWV43MCORFUGJ,no trustline at pull,,2026-02 + 2026-08,8,3,5,64211133,64211152,1.0.5-draft
GBJ5NOHXGYBE54XIMEBD4CLMCHYZV4D42RV6IHPO44NI5FEDMGTRPAZV,no trustline at pull,,2026-08,4,4,0,64211133,64211152,1.0.5-draft
GBJAMW27KDP6AUPFVFRM7TUE3RGGBGJCNXE5V4PJ3JLRYCXQ6VNNWTBO,no trustline at pull,,2026-02 + 2026-08,943,596,347,64211133,64211152,1.0.5-draft
GBJBAAGOPIUSQJP6EFPQ6FVPACQIK3ZQXUU2V344TCNWLYYAVLVWHPLJ,no trustline at pull,,2026-08,1,1,0,64211133,64211152,1.0.5-draft
GBJCXOUYONKHOXAE557LTZPVOD4KHSQTR6RKK4HEDSTRBUVWXTTYEIGI,no trustline at pull,,2026-02,2,2,0,64211133,64211152,1.0.5-draft
GBJWSP5VBNINPEKAIDXBTEWZVTKNHILSGQMEJLODQPAXH4VM545CA43Z,no trustline at pull,,2026-08,4,0,4,64211133,64211152,1.0.5-draft
GBJYLOBZFCXLDEVEKZRLAXTNWRXG4PMCGRYJE3O4YNBFQEFN4ECJFEAI,no trustline at pull,,2026-02,1,1,0,64211133,64211152,1.0.5-draft
GBK66X2J72IK3M46IJXHLU72Y2BLQFFUSUOZU64H2AJK6SIZ53NTKTZ3,no trustline at pull,,2026-02 + 2026-08,8,4,4,64211133,64211152,1.0.5-draft
GBLAWWOAGK5CLLI5ZHR6TII64HTY4Z243IB5XB22EES5FU5MNY5QVSMC,no trustline at pull,,2026-02,2,2,0,64211133,64211152,1.0.5-draft
GBLKUBEVO32TVGPMCOVD4YC3CYXRSAELNHFUZNBDKC2UAMMCKPACRYFJ,holds a non-zero balance,243.2384427,2026-08,9,9,0,64211133,64211152,1.0.5-draft
GBLLXVVK3LUJTKIZPEBXUUOIHDQO3DNUL7CN4P6OKPLIG5FWFDDAW6NJ,no trustline at pull,,2026-08,1,0,1,64211133,64211152,1.0.5-draft
GBLVLKGRDU66WLWY4XRORJXCC4LDZ347AQTUYBEPBABIZTVITW2OAGIP,no trustline at pull,,2026-02 + 2026-08,261,23,238,64211133,64211152,1.0.5-draft
GBLVUBQIZ57EBUBSL5GFFZ2JFBY676UO7BQJVOMC3NKQNT5HHVK5DZC6,no trustline at pull,,2026-08,1,0,1,64211133,64211152,1.0.5-draft
GBMI6IOOJ6MVGTQ245DBFROCPS7CC6WRJZZII3J56U6NCJU4KUIQLTNT,no trustline at pull,,2026-02 + 2026-08,8,6,2,64211133,64211152,1.0.5-draft
GBMRXFV2L46ZVSYXKQLP5FBSGQEYPXQUHLRGYEQO7XS3RZDOBGFIHV2S,no trustline at pull,,2026-08,3,3,0,64211133,64211152,1.0.5-draft
GBNIBHKZ55FLGCBA7S57YAAQ5DSO5B3GMSKNIRZEC5VW6LGTVTPIJ3WV,no trustline at pull,,2026-02 + 2026-08,17,9,8,64211133,64211152,1.0.5-draft
GBNYC2X5GLZGJNWLZK4FDONPCUGY6BUHVCCORSJU7HR5FATHTKKY36U2,no trustline at pull,,2026-02,2,2,0,64211133,64211152,1.0.5-draft
GBO7VUL2TOKPWFAWKATIW7K3QYA7WQ63VDY5CAE6AFUUX6BHZBOC2WXC,"trustline open, zero balance",0.0000000,2026-02,11,1,10,64211133,64211152,1.0.5-draft
GBOA3PJZ3EUWLWLNXPICD57STTQSQKGEKDXNXC2VVPTML7SCQMAYUO3G,no trustline at pull,,2026-02,248,59,189,64211133,64211152,1.0.5-draft
GBOKE2UYYUPL7YOI2TVYWTGT6ZWD2D7TMJZPGCRRV5VA64TWYNKZHV5J,no trustline at pull,,2026-02 + 2026-08,10,5,5,64211133,64211152,1.0.5-draft
GBOMCO5L5YFTTOHUCISCHMM6HYSPCTA7YBBJDCKU3Y4RQUAPHBMIVFM3,no trustline at pull,,2026-08,101,41,60,64211133,64211152,1.0.5-draft
GBOUSVPNE6EHFQU6YQ4ZSADWKPLFTVBFG425WB5RYOE4G4KGEPFCVJKV,no trustline at pull,,2026-08,1,0,1,64211133,64211152,1.0.5-draft
GBPEKVNMKISCDTFE3IQ3O7UPLQWNGFSZ42UJX3JDJM2C2LPXZGFCWRG5,no trustline at pull,,2026-08,2,0,2,64211133,64211152,1.0.5-draft
GBPFB6XNLDMXQKOFJAH6IRTOMTEUU4ZWFHNRMYWZNXCZEDNE6UU66WSG,holds a non-zero balance,0.0826712,2026-02,3380,1680,1700,64211133,64211152,1.0.5-draft
GBQ7SRTP7PNNSCNZFU3QMI4MJHC7CFAYITF4B2ZRLPUK7R62DJJQDP7K,no trustline at pull,,2026-02,48,0,48,64211133,64211152,1.0.5-draft
GBQRETL43K64FIVD5TQEZOO64BXIL4CSZP6JF3ZF7UONKPVAQJLTHQVQ,no trustline at pull,,2026-08,1,0,1,64211133,64211152,1.0.5-draft
GBQSUT6F2CQ7CDRYCCEBIEZ3HE4D54DUENHAA7TTCASSJEW7AMQGND37,no trustline at pull,,2026-08,1,0,1,64211133,64211152,1.0.5-draft
GBQUDR7NE4JFPTMLWYBAMPV2TVWTV7BEV43T4CH5UZSMPLBIIHPWT7FV,no trustline at pull,,2026-08,1,0,1,64211133,64211152,1.0.5-draft
GBQWZCV4MKEQD4TQBASV4RTU4HHZWTC5F55HHGIJQ54ZVGCCL322QLIS,"trustline open, zero balance",0.0000000,2026-02,2,1,1,64211133,64211152,1.0.5-draft
GBQZJG4OCET7SV56I6IPBHGQAZBVRZBXP4BAS6ICCP56M32S23TQLKII,holds a non-zero balance,0.6778247,2026-08,1,0,1,64211133,64211152,1.0.5-draft
GBR42WC7PKYDU47ONPWFOW6R6KR44VSYO36H2J4OS4S4WROIRR3DDETS,"trustline open, zero balance",0.0000000,2026-08,2,2,0,64211133,64211152,1.0.5-draft
GBRG2ADWD6VNHSIV27TEES2MHMNWF7OZBSGG4P3SG3ZRELNXQUXFWMI4,no trustline at pull,,2026-08,1,1,0,64211133,64211152,1.0.5-draft
GBRVY6BZVHHGACHOHTHIWXKPRQNWZ6K7SXOPHX2ROQJS22D7UK6JBSB3,no trustline at pull,,2026-02 + 2026-08,7,2,5,64211133,64211152,1.0.5-draft
GBS74L42WV7BPU4ALVDZQFL3GIWMWURMEFCWRJZQJXZVSSIM4HRYMJVP,no trustline at pull,,2026-02 + 2026-08,6,4,2,64211133,64211152,1.0.5-draft
GBSCXGQPSKL7EKR6HKLWJ2MTHYZSZIUTO26YZSFMINNYGAB7PUUBZZU2,no trustline at pull,,2026-08,1,1,0,64211133,64211152,1.0.5-draft
GBSDXR7QOSTQI46MIEPK2UNLPZOM5CC5DMQQXKES6EFGSQ26ZJMAFHAV,"trustline open, zero balance",0.0000000,2026-02,1,0,1,64211133,64211152,1.0.5-draft
GBTEZE3JLLRBS5NFXRPQU675AFLC3L7P2CXDOIM4333AUNCZ2NUA2EKV,no trustline at pull,,2026-02 + 2026-08,5899,4716,1183,64211133,64211152,1.0.5-draft
GBTVBYH3ZBLGTH5NTEJUEXVT3GPW7A72QDUXCMH3CL2JN2YWU74YD7VB,no trustline at pull,,2026-02,6,5,1,64211133,64211152,1.0.5-draft
GBTWHF4V2KFMQ3D3MLC4XBYT3PFH7KXF22GYAPDZF3BHRELD6HHQZU5R,no trustline at pull,,2026-08,1,0,1,64211133,64211152,1.0.5-draft
GBU6CDUCHDLGNT6V3UQEG42VXBR4S7GKFDP5Y2AZGLC4SPS5E2VWRDBG,no trustline at pull,,2026-02 + 2026-08,13,9,4,64211133,64211152,1.0.5-draft
GBUKH3OWM3XP6BMIBWXPBDEDJACPEMVWZ6QJVNMYP2L2HYAQH34FFVYX,no trustline at pull,,2026-02 + 2026-08,6,4,2,64211133,64211152,1.0.5-draft
GBUN72VKAVRNXSXNYQENCRRWA556FUTW6XUBYLIF6RBEECXLVNSX3PLS,no trustline at pull,,2026-02 + 2026-08,14,10,4,64211133,64211152,1.0.5-draft
GBUYVJG3GQRCQMCGRF5NRKF3YBC7D3NCGSEPPIM4GJFHSHDEE7WDEMON,no trustline at pull,,2026-02,114,80,34,64211133,64211152,1.0.5-draft
GBUZ7BHRLQSBATYWRDJDLGNLX5ZOYAXR4JW53S6UGO5TEZHRQIX2CYR5,"trustline open, zero balance",0.0000000,2026-02,4,2,2,64211133,64211152,1.0.5-draft
GBW6HFWV5A2LA3NCKYTADEELRXTSL67X5IAGRS5WYPXD74XWF63AGTTE,no trustline at pull,,2026-08,2,0,2,64211133,64211152,1.0.5-draft
GBWEHIWGW4SD45THPV7ANGWN5QPSGN3L7B2W6BB7AX5PW4EOECTFFZWQ,holds a non-zero balance,17.7045705,2026-08,2,0,2,64211133,64211152,1.0.5-draft
GBWGVYDWPX3APD77SJ4HFS63VN4IZMHYDRVU6CONEEKJJWPYENU73LIJ,no trustline at pull,,2026-02 + 2026-08,8,7,1,64211133,64211152,1.0.5-draft
GBWIJMGPBMCAUZSAFWYCXFHSKTXTJ2QHDQNCHBQY7L2ZY5YEJGSRWFOZ,no trustline at pull,,2026-02 + 2026-08,7,3,4,64211133,64211152,1.0.5-draft
GBWPJ2FNWZOR2FXASPXLQTU5SSR555YFUGZAFGEDZBFC7F3GLRKSPRCV,no trustline at pull,,2026-08,1,1,0,64211133,64211152,1.0.5-draft
GBWST4RMEXA2HHWBULOP2VIO3IP5OKNNSI6VMPY5IIULZMGB3MWOBRRG,no trustline at pull,,2026-02 + 2026-08,7,5,2,64211133,64211152,1.0.5-draft
GBX472CCG7QJINRL6TRNOHK5KR7QR7ORJSYFQAAPWR65UTE54GBRRBTT,"trustline open, zero balance",0.0000000,2026-02,3,3,0,64211133,64211152,1.0.5-draft
GBXADPK56MUQGNIMNQXRJT6JY5GQECHXIWPJFH5R2JTZX4TJCUAD53KF,no trustline at pull,,2026-08,1,1,0,64211133,64211152,1.0.5-draft
GBXASTWB24TIOS7U235VE2DTA2PA3NO2ZZYCMKMUCXB3H5RGSNSMEDNY,no trustline at pull,,2026-08,6,3,3,64211133,64211152,1.0.5-draft
GBXQUJBEDX5TYLJ6D5BGJZFLYF5GZVGXLWA2ZORS5OIA7H6B5O3MHMTP,no trustline at pull,,2026-02 + 2026-08,18,3,15,64211133,64211152,1.0.5-draft
GBXX2CONCU4KTEXPJNKKTZ3KK6E3XKDLGHFJR56N7ELSB2Q5WK4ZZ3IZ,no trustline at pull,,2026-08,1,0,1,64211133,64211152,1.0.5-draft
GBXXRZAPKL4HIMFA5M36CXURXKT6CV5W6VTOHL5EYDYMB5V7J52RL4UI,holds a non-zero balance,0.5298634,2026-08,3,3,0,64211133,64211152,1.0.5-draft
GBYUUGUONPHLJATWSXDH5JWX77O6OL5YSTUDBZBPQIA6WSOK7VURDB7G,no trustline at pull,,2026-08,1,1,0,64211133,64211152,1.0.5-draft
GBZ7JH7Z6HXKG2V2NHIEGTCFHO7TK6P3ORJIWLQT6PHISQABW2ZD4MXD,no trustline at pull,,2026-02 + 2026-08,8,3,5,64211133,64211152,1.0.5-draft
GBZAORUBWOPLEAFLJFAMPL35AL5N5OOUYRYUBK3RXWB2MSXG4KFR6YB3,no trustline at pull,,2026-08,1,0,1,64211133,64211152,1.0.5-draft
GBZE2MSSASMY6R3O5OTO4EF32EK5CKP26PKLFSLY2LJ6BPQVE2P44TAD,no trustline at pull,,2026-02 + 2026-08,8,5,3,64211133,64211152,1.0.5-draft
GBZEXEP2IQGX5HO4AQZYCGWF7EXEYDDIVR3G6PNZBF4AMM4TPQNWMHI3,no trustline at pull,,2026-08,1,0,1,64211133,64211152,1.0.5-draft
GBZN4CEZ77XEY2FK5TR53U4HPRE2BNXHYXOAOETTUHKMAR3IOFXQ4DCJ,no trustline at pull,,2026-08,2,0,2,64211133,64211152,1.0.5-draft
GBZXTCJWTATGNP6AV7EAV7Q4L5YGBGWNETVMURVLHMJGW22XYCNMJAPD,no trustline at pull,,2026-08,1,0,1,64211133,64211152,1.0.5-draft
GBZZ54B3DHLBMWDRD7BNQLPVV23VVQE2SJADNPMCMF4E4DQB6VJNFB2C,no trustline at pull,,2026-02,2,0,2,64211133,64211152,1.0.5-draft
GC2HIRGVNCKHGOOVF666EBFDEUZTFYUKXT4OQ6FRV3UUPFEDXY63KJB7,no trustline at pull,,2026-08,1,0,1,64211133,64211152,1.0.5-draft
GC2NSWPYDKVVEKG5GWH7KB53NXI252LDGEPBWUVJVSJZSPUBBDZWS5A5,no trustline at pull,,2026-02 + 2026-08,8,6,2,64211133,64211152,1.0.5-draft
GC2TNFQKT7ELD6EY5E37UZKFBRF7MULL2SL7NQNAJSKTJFLNANI4CKPD,no trustline at pull,,2026-08,2,1,1,64211133,64211152,1.0.5-draft
GC2W45W562OCL6SBF7P5PH4WJM2SD4VMZFDIL7J3VXPMKDKHC7BWY2Z7,no trustline at pull,,2026-08,1,0,1,64211133,64211152,1.0.5-draft
GC34DTUHZRTCPXQNYXQS6CHYWVCO2XAG5JX4R2Y5K6UN5YICIGLFLDZ6,no trustline at pull,,2026-08,1,0,1,64211133,64211152,1.0.5-draft
GC3OJAH2NSWARS2LS356QSDTTXXRENMBEO56INPZ56BLMJHTOUD3MNIP,no trustline at pull,,2026-02,1,1,0,64211133,64211152,1.0.5-draft
GC4IO33WULYCHDUUJ3TLQ6H5VO2QCIVMQWV27XEVQSFCKX6XQB34VAJR,no trustline at pull,,2026-08,1,0,1,64211133,64211152,1.0.5-draft
GC4JIUAMG5ZWNF63PRMJ4TD5XBGKK6YRFLS5MGQXLLCINDVTLXK44N2L,no trustline at pull,,2026-08,1,0,1,64211133,64211152,1.0.5-draft
GC5HRRQSOD6SFDMMCZZDVEOIC7AJYWX756MWIKQZU5HJ2S2SKBRGDODM,no trustline at pull,,2026-08,1153,548,605,64211133,64211152,1.0.5-draft
GC5KTDTXYKXOMC3D4DAGHUC3KZKA4KBLSOQLY435ZUQ5NMF2WGAJ6GYO,no trustline at pull,,2026-02 + 2026-08,20,16,4,64211133,64211152,1.0.5-draft
GC5PAYYRKLADO4FOV4T3K7HVHZRTRXHNLPZEXVKRVISPA7TXT36XKIRU,no trustline at pull,,2026-08,17,2,15,64211133,64211152,1.0.5-draft
GC6ANIKIBYRRDKCUBBIAIN6WL5JWNSJFNDKDWDDK6IVKD2MI65SIOJOP,no trustline at pull,,2026-08,1,1,0,64211133,64211152,1.0.5-draft
GC6DXBZRACTFLA542BRQAG5ZUMYMX534BSBPY7NGS6UG5B6SJAGXE2BD,no trustline at pull,,2026-02 + 2026-08,8,8,0,64211133,64211152,1.0.5-draft
GC6GSROYCNP5O5OZJTMRS3SFVTCKFINXF3MPYB3XSWUMPI3MZHGO5SAV,no trustline at pull,,2026-08,1,0,1,64211133,64211152,1.0.5-draft
GC6SXHEYSROFQ44IX43S26H62IISBCJT43BVFDA2MHEK6WAUV5N2DQG5,no trustline at pull,,2026-08,1,1,0,64211133,64211152,1.0.5-draft
GC6ZZIKIVST24LRCHKFGGLK4EVUGPVZWIOWJYDG2MUIBWQIMZICEJW64,no trustline at pull,,2026-02 + 2026-08,10,7,3,64211133,64211152,1.0.5-draft
GC76CEMSUOGD6QZUDQZI5XPH5B3GKXRCDPDCO2NSEPJU3TVOPAOHLUBN,no trustline at pull,,2026-08,1,1,0,64211133,64211152,1.0.5-draft
GC7GF2XD64OLJFTYQAL3C6C24YFA37XC3MZAXKK7OSHTA26NB6QJHTSS,holds a non-zero balance,8.4551740,2026-08,1,0,1,64211133,64211152,1.0.5-draft
GC7HJQVVBGYPTSJ5JGNAR6O4VCNA3AD5BW3FBTHUNB7ATUOKT4ZJ2TNR,no trustline at pull,,2026-08,1,0,1,64211133,64211152,1.0.5-draft
GC7JP2QSRAVGVOH33T7VUGAH2NW5KN6YLDDR3NEMLRFUXWA32CIIL4ED,no trustline at pull,,2026-08,3,0,3,64211133,64211152,1.0.5-draft
GC7KIV7YN26V4YV5IPSEIFSCV6TKRQ3C6E2MZHDE7OFZGGPYW4OSRE66,no trustline at pull,,2026-08,377,187,190,64211133,64211152,1.0.5-draft
GCAVRF4BQV5KHAJWUXPTSPZWPQCSXWWZBGP6YDCAWV5ZFZQN4OYN6QVC,no trustline at pull,,2026-02,1,1,0,64211133,64211152,1.0.5-draft
GCB3IRBCQTYAUVZ4WJ5WYRBITVSHHI77KTOHA63KPWRNRMG3PUL6XWWW,no trustline at pull,,2026-02 + 2026-08,15,8,7,64211133,64211152,1.0.5-draft
GCBL7C6J5FXVM4S6VUNMUK3WR4DOZQVHXNC5QTFK6CTDXCZZ3IIYD7LC,no trustline at pull,,2026-08,1,0,1,64211133,64211152,1.0.5-draft
GCCIR6PVN5NKJHVW7X4UFLQ7XRPWPKBJHUI7L3JADR6QCS4EZOKWKHNI,no trustline at pull,,2026-08,1,1,0,64211133,64211152,1.0.5-draft
GCD3Y47RXFP3T535AQJXEPEXNCNQVTVGIBBVYWGF2XED42NBED2VW7W7,no trustline at pull,,2026-02,1,1,0,64211133,64211152,1.0.5-draft
GCD4ATZUUK4BARGXSZY3AIOV5AB5A3BAOCVDEJGSL7B2XCHAHXSJJA4J,no trustline at pull,,2026-02,3,3,0,64211133,64211152,1.0.5-draft
GCDO6BTDTZSTXVKVI47EWDRD2MUP6YWJOCN6EWTUD7CU6QPVKZHBMD62,no trustline at pull,,2026-08,1,0,1,64211133,64211152,1.0.5-draft
GCE5OBG3DUMSL5SJAN2XI7DOIQ6DTJZEG53YGWFE2SHHFYOM262SARYO,no trustline at pull,,2026-08,1,0,1,64211133,64211152,1.0.5-draft
GCEETSI6ZGG3CS37YUFAUKCCJSCOILXL43JOJVZ435KBJ5NICDYY4EMP,no trustline at pull,,2026-02 + 2026-08,549,287,262,64211133,64211152,1.0.5-draft
GCELM4OEE6GN3Z4YGI6RUG3UT7HMHWPQ4RZHZYLEC6FZM7HU3ONIIYD2,no trustline at pull,,2026-08,28,10,18,64211133,64211152,1.0.5-draft
GCFU7JYJXYGYAESELSRTTUZS3L2XZKWY2GBF7DOVI5CYIXNFXRTGZTCT,no trustline at pull,,2026-08,1,1,0,64211133,64211152,1.0.5-draft
GCFWLSASTPE6LX5D3G7EB3A5SUEUYZWT6IPAPKQBGWIFHU74NXTEVKAN,holds a non-zero balance,6.4968935,2026-08,1,0,1,64211133,64211152,1.0.5-draft
GCGF6JOXXSOVSQKLUHSSQ4X6D7Z32SGFSOVMYAANE3EO3MATWSGRA6PP,no trustline at pull,,2026-08,2,2,0,64211133,64211152,1.0.5-draft
GCGLGYV3HTWUDR6MSCIFTRORIGJZ2TW2PKRYZIKVMPEQNUQL4IOXBUOT,no trustline at pull,,2026-08,1,1,0,64211133,64211152,1.0.5-draft
GCGRCBNEH7W3WJZYHGVRCWJKUXEUOYA5BZMG3LYGW3WE7M3D4EARF7CI,no trustline at pull,,2026-08,1,0,1,64211133,64211152,1.0.5-draft
GCH4AQIEOHPYDILRYXOHRDCUJ4HPY276SPQPJGNYOKU3C25C3KBBHM2O,no trustline at pull,,2026-02 + 2026-08,5,5,0,64211133,64211152,1.0.5-draft
GCH6N3OXZ5RXW5O3XREFW7OW7F7XKLWNGBWSVXZTVQN5NJJIK6CBT6NV,no trustline at pull,,2026-08,1,0,1,64211133,64211152,1.0.5-draft
GCHDFE4G6PXFSX2JDWHTKZXNYAV5DKMIQZ46WBFNNFT3KMU5BGE632PH,no trustline at pull,,2026-02 + 2026-08,11,7,4,64211133,64211152,1.0.5-draft
GCHIITVOZET6DLJGCKRN2UOV3SLPMVUO5L33ZLTNNYEC54TKDJCTBCM4,no trustline at pull,,2026-02 + 2026-08,11,9,2,64211133,64211152,1.0.5-draft
GCHIP6CHE7S2FDGCZETZPCKDIM5ADKWGQZWJ3D3IB6OXPAUTPHABTJOO,no trustline at pull,,2026-08,1,1,0,64211133,64211152,1.0.5-draft
GCHX3VF5FSS53K5QU53WQ3JSO7L4CMUCFSNVCWP647JM2A524PM4RP2B,no trustline at pull,,2026-02,1,0,1,64211133,64211152,1.0.5-draft
GCI52IP25LJRMAMETQJB2MRVOXJ7RGJR4SBTWDQBAMRA5TEEUGVGOBMS,no trustline at pull,,2026-02,1016,548,468,64211133,64211152,1.0.5-draft
GCI7VPW6YVDDW5XMZLBI52GKVAFEDLI23NCPMGICUIPAPQZ7UVRE7S5M,no trustline at pull,,2026-08,1,0,1,64211133,64211152,1.0.5-draft
GCIBHMCJ56ND3AMDOSL6LUW4ZL3664C4Y5AZKPCOXTVXQ7WJPUGN43H2,no trustline at pull,,2026-08,24,15,9,64211133,64211152,1.0.5-draft
GCIMGUEF7AUB3JMN7MFNOHCS52E2GMSIW7DAWDFR4QWKQN662QBQ32P6,no trustline at pull,,2026-02 + 2026-08,12,5,7,64211133,64211152,1.0.5-draft
GCIPOV467NDSAUI3FEOLXXVTRQRZZE5OMG4WHJP6LO345XKORALYRQSZ,no trustline at pull,,2026-08,1,0,1,64211133,64211152,1.0.5-draft
GCIUEVQFFBMC5EQIFVNWZRLLUEXFGMBD7NDJ7ZMNS6W6TP4DJG54S6ZS,no trustline at pull,,2026-02 + 2026-08,6,2,4,64211133,64211152,1.0.5-draft
GCIXT2EIIZKNAHXHZLIJYM7K3PT3N5GPZR2GHMDSMM5BANBPZ4NPKTJQ,no trustline at pull,,2026-08,1,1,0,64211133,64211152,1.0.5-draft
GCJTC2GOYEZ6NYJBHWZ4C2JKQLTFS2AVFMO5AJ6OLWSY6JRL2I2FL3ZX,holds a non-zero balance,0.9315199,2026-08,9,3,6,64211133,64211152,1.0.5-draft
GCJTMIIFEFPWI6DKRDNW5SDHCEAOZRZ4EM3T7KE6ZY53AEDRVPFZQWPP,no trustline at pull,,2026-02,1,1,0,64211133,64211152,1.0.5-draft
GCKDNR2TIAEVJM2CVZISRMI6FT5SHVVHRRDKTNKZHSFGFG542U7GMIET,holds a non-zero balance,0.9314218,2026-08,11,5,6,64211133,64211152,1.0.5-draft
GCKYL647WGF2UI3T2GKBT75CCUQD4TD2F3DC5C4H5JXXBCOY7AQZ6TGI,no trustline at pull,,2026-02 + 2026-08,11,8,3,64211133,64211152,1.0.5-draft
GCL3DYH4S32NEL4IDZZG5AIQUTKTXJRYUJN3MBPNFZBDD37ESBXAWIYU,holds a non-zero balance,1.8666932,2026-08,1,0,1,64211133,64211152,1.0.5-draft
GCL47PX4FLXB3OFQQYAON54L6UVLGQACGIAZP4ZPRQKRFSMTAS4W4TVE,no trustline at pull,,2026-02 + 2026-08,9,2,7,64211133,64211152,1.0.5-draft
GCL6UVN4ASGGU74HNVDYBS366GJGO3ZETPL4CWRZF5ZP4TV6B4YIVC25,no trustline at pull,,2026-08,1,0,1,64211133,64211152,1.0.5-draft
GCL7VFTXZDIREDLMQUUNLX7O2J6YTONAHMUHOVHIXSLV6CR2DCNOJL63,no trustline at pull,,2026-08,1,0,1,64211133,64211152,1.0.5-draft
GCLG7DRPJLZVK43AFXGPYI7FIHHQ357H4K44AY5BQUDG3SJK6WCYSUUA,holds a non-zero balance,0.0685209,2026-02,1,0,1,64211133,64211152,1.0.5-draft
GCMTBEE6MJA5S6BXG7PUCPM7XF2OSKUDRFCQKK6UR3KEU3TCQOUHS6F2,no trustline at pull,,2026-02,1,1,0,64211133,64211152,1.0.5-draft
GCMURV6UYMCP44LV7MLMF3WWCPDPYV5WT43RP5OP4NLKRDFLT6KJKTHX,no trustline at pull,,2026-02,1,1,0,64211133,64211152,1.0.5-draft
GCNEN4BOGADD42GLLQGA2UOXW5WVBLVCKTG66MQ6UFSB5XH4STG2FKCN,no trustline at pull,,2026-02,2,2,0,64211133,64211152,1.0.5-draft
GCNF5GNRIT6VWYZ7LXUZ33Q3SR2NUGO32F5X65VVKAEWWIQCKGYN75HB,holds a non-zero balance,1.1869077,2026-02,2,1,1,64211133,64211152,1.0.5-draft
GCNOSN42JYIZWXIJR3L3I6LINED2GPODPZ2GO6WMPWR7UQI5XJKQY4SF,no trustline at pull,,2026-08,1,1,0,64211133,64211152,1.0.5-draft
GCNY5R4CLZYKW44E5R7SFWY65WHYBDKACOLAMON3LVEFEXA47AUHYC6D,no trustline at pull,,2026-08,1,0,1,64211133,64211152,1.0.5-draft
GCO2LXEVTWW6EINKBBYZV46MRKXJDHZIQ2NIP3CNPADKEDH57U4PH242,no trustline at pull,,2026-02,2,2,0,64211133,64211152,1.0.5-draft
GCO45COWIBDZEGJ3DRGDGCCCJXK777F2S6D6HXQKXVB3EKQVCQU7B2WA,no trustline at pull,,2026-02 + 2026-08,2233,1555,678,64211133,64211152,1.0.5-draft
GCP7AABE54MNRUUE5QXLF4XSV3HLNYGUTC6A4GNAESEISO4KNWLJNB2W,no trustline at pull,,2026-02,2,1,1,64211133,64211152,1.0.5-draft
GCQEFBTWQMZMKS2PAFUKQN7QE5YQ4SFSU5PTRAV7WETVT6LNKDE5ARA7,"trustline open, zero balance",0.0000000,2026-02,3,3,0,64211133,64211152,1.0.5-draft
GCQFKEQVWWZN2FNR3VY4VDWHUYJ326WJGVJNZJCDVBGVSRH423F37FIY,no trustline at pull,,2026-02 + 2026-08,6,3,3,64211133,64211152,1.0.5-draft
GCROB2O5QFBJ7DZZ6FMJNMGVCF7TGGJMUMY56G6LMTNTQ3FLCJ6XBDTR,no trustline at pull,,2026-02 + 2026-08,2,1,1,64211133,64211152,1.0.5-draft
GCSE65WDSG2NHU25OVRV56ZQSINOPC22MUJRY5KXEHKKGRFEH7XYR7DA,"trustline open, zero balance",0.0000000,2026-08,4,2,2,64211133,64211152,1.0.5-draft
GCSFNL77UJBRZHIPHFZDEOOWDYC6JTZS7LMQ7W64KP3SVWUJSKHKCZYH,no trustline at pull,,2026-08,1,0,1,64211133,64211152,1.0.5-draft
GCSM6QASLFOSOPBOQLOQ3YBOJOZQBHVLXCP3PWCUNB2X342IX2HQ622F,holds a non-zero balance,261.2420203,2026-02 + 2026-08,5,0,5,64211133,64211152,1.0.5-draft
GCSMTICKXA7356W77QED3HUMQPDC34TDU47G3P6NJWJWD24UJHWX6KDK,no trustline at pull,,2026-02 + 2026-08,4,4,0,64211133,64211152,1.0.5-draft
GCSO6DAFG52JZDJOB2ZXY3FZBCFJIEINR2BXNA2TTTCMFAOL5SQMIPW6,holds a non-zero balance,0.0000001,2026-08,9259,8277,982,64211133,64211152,1.0.5-draft
GCSOQCCAIWVOQFIQW2MGWIG2M3QKSRLP7BPLWQPL3QRI463SR6V73IL3,no trustline at pull,,2026-08,1,0,1,64211133,64211152,1.0.5-draft
GCSQCCXEUY3BN5EHEKOUGGM3GJQT3SNZ7LZQV2FBG633KRJFSJHZ5LWJ,no trustline at pull,,2026-08,1,0,1,64211133,64211152,1.0.5-draft
GCTBR665RTZ5LCPBOJXRPEKQFFACNOP5TGUPD5Y3XDX76HQL2527ZVGA,no trustline at pull,,2026-08,1,0,1,64211133,64211152,1.0.5-draft
GCTDUG2CEQFTD5PMAF7LTN3IIIJYGB64JQHKKYINNJ3SXGWUB6ZSEGKH,no trustline at pull,,2026-02 + 2026-08,7,5,2,64211133,64211152,1.0.5-draft
GCU5FO2DZV7MEYNEF55L7XK4E5RTH3CNRVXOVNTPAVX7A2TCXBRJAXQI,no trustline at pull,,2026-08,1,0,1,64211133,64211152,1.0.5-draft
GCU77LBFREH3TW7V4UBPIMR35X5SKY45A57SGCJNEVERCHV5PHFOJLQD,no trustline at pull,,2026-08,1,0,1,64211133,64211152,1.0.5-draft
GCUG6ZQIVQ3SJNCLI4P7FALJODPBIBWGCDFOQ2YYQR7AS7ZROXRGPCTE,no trustline at pull,,2026-02,2,0,2,64211133,64211152,1.0.5-draft
GCUGGUUROQ7QBP2AYYR5KL42ZF3UHCL66JET7I7LRKSE3QVQWWYIK6NM,no trustline at pull,,2026-08,1,1,0,64211133,64211152,1.0.5-draft
GCUVDXZCDNQJJAVJ74LJA7SK66VL465K6MNBXJ3C4YTEFOTVXDNFMR3X,no trustline at pull,,2026-08,1,0,1,64211133,64211152,1.0.5-draft
GCUZKSE26DZT3ZUVQOF3CW5HTVOK2GXCSJLRNLJZLRPKLX4WVTPS6UKA,no trustline at pull,,2026-08,1,1,0,64211133,64211152,1.0.5-draft
GCVGDJERNRFP5OE22QBCRKT4WXAXA2A7O5NUSQPQG5C3ZIXV6AGUC6UE,no trustline at pull,,2026-08,1,0,1,64211133,64211152,1.0.5-draft
GCVOKGO6CFRNEIQ4Q5BUIVPXY3TLPEK3AYGCRWGXDY7O34MUQU73ZXLM,no trustline at pull,,2026-02 + 2026-08,313,159,154,64211133,64211152,1.0.5-draft
GCWML6QHUH7XANAJENKHHMTEUXMGEP7CHQXHBQXMN26AFNAJGMHGJ2RI,no trustline at pull,,2026-02,1,0,1,64211133,64211152,1.0.5-draft
GCXA3SIA4TCV3KZGEYLGHMKZUR27M5JRTQ3VG2HPBIPIOCALGPHQOAFL,no trustline at pull,,2026-08,1,0,1,64211133,64211152,1.0.5-draft
GCXBUC4HLNIC4XANT4QBUH363VMJJUMEM72KYLBV7OCHBFBL63QTX5NZ,holds a non-zero balance,16.7851984,2026-02,1,0,1,64211133,64211152,1.0.5-draft
GCXM45I5WJU3T76VXPQWJR4JEWIEFOMX4YBPFJOCTEQGW6LQ6HEVPOGW,no trustline at pull,,2026-02,16,8,8,64211133,64211152,1.0.5-draft
GCXPKPVYD7IOOEA6C4ADEIM4I4JCGHYZC4QWN4P2I7YEQZ637VJVHEPF,no trustline at pull,,2026-08,1,0,1,64211133,64211152,1.0.5-draft
GCXPS7AVWSHBCUOIEGIOOJBKZWRKOUTT26MGUNBFN3XB3X3JV3XVBH3Y,no trustline at pull,,2026-02 + 2026-08,4,3,1,64211133,64211152,1.0.5-draft
GCXV6EEBS7ICNTDTPWN2NMCTAG3LTXEHN4PLHUS6MFUKCB4BKAIOZLNX,no trustline at pull,,2026-08,2646,843,1803,64211133,64211152,1.0.5-draft
GCY34T2BOD7KOJXXMBHXSGS7XEX6T3TOBYI4YFFCXO3RX5WO7AWX3MS3,no trustline at pull,,2026-02,1,1,0,64211133,64211152,1.0.5-draft
GCY77BKLKL5FIYQA2A4SWYMV5UJ4INIXLT7MA27QD45ZMRDCL64NNHCN,no trustline at pull,,2026-08,1,0,1,64211133,64211152,1.0.5-draft
GCY7AY7OOO2XKZUCKLOZL3MJ62DW5UNL3ISFWDEDEEJM7JFGYZEUS55Z,no trustline at pull,,2026-02 + 2026-08,1486,0,1486,64211133,64211152,1.0.5-draft
GCYESJ4TVBLMDC7HWGEOK36SXYWGINES7DFAKKEA3DKP23DV6MY7GE32,no trustline at pull,,2026-08,1,1,0,64211133,64211152,1.0.5-draft
GCZZNDQZU5EPURTF4RNKMJQ7UHONFQYWHSA4QUEOQ7436NYRDSLOL24B,no trustline at pull,,2026-02 + 2026-08,5,3,2,64211133,64211152,1.0.5-draft
GD327MCKE45GYHWG22L7EJFULEUDMNOWGWW5WFBE5QD3CYLCI44XITXN,no trustline at pull,,2026-02 + 2026-08,62,27,35,64211133,64211152,1.0.5-draft
GD3BLBNPKS24RH3DF7THSO3R2QXJYRIEIIFPE6A2NFS7TZFFDW2RNPZB,no trustline at pull,,2026-08,1,0,1,64211133,64211152,1.0.5-draft
GD3EXP7GTMP7UFHPOR4O24EUH7S6VDKT7UAC4GDGPNFOBU3SAOFCPVTH,holds a non-zero balance,201.8141815,2026-08,173,145,28,64211133,64211152,1.0.5-draft
GD3SOHI26CNBYXC6EEO4AH2MA4WB7V75WREGRSMDN63Q4X6HX3F4YA7M,"trustline open, zero balance",0.0000000,2026-08,1,0,1,64211133,64211152,1.0.5-draft
GD3Y5MLKUS67ELFGXIR2QDHB7IWMRMYL7AUJ5TDMZ5HHESRQYFZWF4YT,no trustline at pull,,2026-08,11,6,5,64211133,64211152,1.0.5-draft
GD453YGMB3QHK37GT3QEXXARBDBSEETPTDTTQ35MUX2U2KBPATTVELQF,no trustline at pull,,2026-02,1,0,1,64211133,64211152,1.0.5-draft
GD4DLTV2XHI7CN5CHAHEYWAOEUQOFCAYNR6GU2IV27BYIILEAN4YDLZQ,no trustline at pull,,2026-08,1,0,1,64211133,64211152,1.0.5-draft
GD4ME43FCOZC4XJ5DZ4V4TH7O37QS4U6RR52AMK7AHADCE466C36B7DX,no trustline at pull,,2026-08,1,0,1,64211133,64211152,1.0.5-draft
GD4QG26JDC3KIQDRCT5X37TTGBDH35WKE2QF6L2JACCP4YOKOG3VRRDZ,no trustline at pull,,2026-08,1,0,1,64211133,64211152,1.0.5-draft
GD4VPFTY7OLUQEQEBUV7UUXWBBAWGTEGGAZMAFRFFVJF7TVZWUUVSKJQ,no trustline at pull,,2026-02,1,0,1,64211133,64211152,1.0.5-draft
GD5OOT3AGLT3C367PYVF3MF7LFW52W3CEKHH7TTVSCNWGPAT3C2CXBSV,no trustline at pull,,2026-08,1,1,0,64211133,64211152,1.0.5-draft
GD65DN6DGIGCJNINS73HUMLTFM47ES7F3UYSS7IVQKFVNWPLEDS33M4Y,holds a non-zero balance,0.7497388,2026-08,1,0,1,64211133,64211152,1.0.5-draft
GD66S6GSKYTXZ5BT4RIYTBEBOE7WBPNIJB62SLYCAJNKDUS6F67SCEUI,no trustline at pull,,2026-08,7,3,4,64211133,64211152,1.0.5-draft
GD6LGTOHDGJSFNQTAQSU3V4FJKEF52FQGXEYUQCRKG2IJPGDRAKGTCIL,no trustline at pull,,2026-02 + 2026-08,18,9,9,64211133,64211152,1.0.5-draft
GD6NWAMPS7QZ7BCDRWGTIWFAAYFO4L5JVDANEGB4ETE7FUFGRAQRZ5M5,no trustline at pull,,2026-02,2,0,2,64211133,64211152,1.0.5-draft
GD6UWIH542ZLOTFATNBMB7YA4AVFBJUBCUCYZRL6IVO42UWC3UL7QIJ7,no trustline at pull,,2026-08,1,1,0,64211133,64211152,1.0.5-draft
GD6WHSKBYL24MNG5QMXQFPTDIDVQSTT5XCFOQXA5NEIXZKSTJJNKAB4F,no trustline at pull,,2026-08,1,0,1,64211133,64211152,1.0.5-draft
GD6XSMQJ47EHHJOWXQOND5YDVZC37JWZJHYHBKE6QJFSLLJ5KQXM5QS5,holds a non-zero balance,0.0004670,2026-08,3,3,0,64211133,64211152,1.0.5-draft
GD77RS525TLPXBSFTZSHDEVDSCDO3NQBTATLRJQVHBOTKUC2PMGPTQEF,no trustline at pull,,2026-02 + 2026-08,2274,904,1370,64211133,64211152,1.0.5-draft
GD7HA5AFK5CHJJZWY4LICNXCYBEEWXW6CMHKEUY26M2FMEV7CNP2OPGI,no trustline at pull,,2026-08,1,1,0,64211133,64211152,1.0.5-draft
GD7RLTEGEEFDEW6NQZUXJ72VFVF6LRSPBZ6TCAO66HJPIMZJU3F2LFOO,no trustline at pull,,2026-08,1,1,0,64211133,64211152,1.0.5-draft
GDAHKXY2ZJXMLHIC7JZ5GL2AXH26EGFSA6W4VEEEFQXFCSQNBNQOWCJU,"trustline open, zero balance",0.0000000,2026-02,1,0,1,64211133,64211152,1.0.5-draft
GDB3RGT23S4CZLOWXDG63WLVW3MQJJ2ADPC2JPWW46EZDNKNU3XVBARS,no trustline at pull,,2026-02,248,105,143,64211133,64211152,1.0.5-draft
GDB5VERWF7J2RHXERAK5KDIGNYZRJJVR362B6EAYDXKL7QXGQIUDKJCE,no trustline at pull,,2026-08,1,1,0,64211133,64211152,1.0.5-draft
GDBV4M4BPRQGZAAUED2UR3DVBW3R73P3XNNLDLRTH2RWBABUK2MIZ2VU,no trustline at pull,,2026-02 + 2026-08,180,115,65,64211133,64211152,1.0.5-draft
GDCMOOVB6MLB3ZQ3QJRLQMP43XIZN7PJ74UKATJCC5E5G46XFF3UVZZ2,no trustline at pull,,2026-08,20,12,8,64211133,64211152,1.0.5-draft
GDD22K6MNW3FAHGYF7ITJDDVSJD4HMTQD2QBRKPLVVMPECHXJELTBUTL,no trustline at pull,,2026-08,1,0,1,64211133,64211152,1.0.5-draft
GDDAEATAA6K4P4BUP3SHIAZDCJGOQPPQTMVTSNQSSXUBRI2BNSAXTK4F,holds a non-zero balance,323.7181758,2026-02,3,3,0,64211133,64211152,1.0.5-draft
GDDCH3CP5ES5OP7HKHIS2C4KUP4XRFMDXME24RR5GULYXUQH5N2I6I7K,no trustline at pull,,2026-08,1,0,1,64211133,64211152,1.0.5-draft
GDDR2MDEIZKYNFUC3TK2K5YRCVZEXNLJVCZ45FXL4DQQRVG7NZ7LBMWU,no trustline at pull,,2026-08,1,0,1,64211133,64211152,1.0.5-draft
GDDYAJ32VUEGXSP6JUXKOGTBFPHPU5X7GCHEQOTFEJH4CS2KEUAIKPPV,no trustline at pull,,2026-02 + 2026-08,7,5,2,64211133,64211152,1.0.5-draft
GDEDWJFWOM226RNH765BDLK4BTKYYJZQHI7EAXK4DMPYCC3RWBKTHJ2J,no trustline at pull,,2026-08,1091,585,506,64211133,64211152,1.0.5-draft
GDELYFECO2FZ7YU2MFFJSFYDENMZFPV2RW6QGHKWEKWNORCK6BTQQYBX,no trustline at pull,,2026-08,1,1,0,64211133,64211152,1.0.5-draft
GDEX73I3RADOVVUTHOTCY3F3Y2YGOZSBZ3VTSZHI22CK4LA3C7P6DSFP,no trustline at pull,,2026-08,1,0,1,64211133,64211152,1.0.5-draft
GDF6CZ4B263JPXWS4MJCV2ERM5XLANDYVZS3P2JJ3STVY66RLULS7U7R,no trustline at pull,,2026-08,1,0,1,64211133,64211152,1.0.5-draft
GDFESHTWVXTH5WHC6R7VM6KPJCEYYO36BV7NDV7V6FSDUBVDC7YF4T2N,no trustline at pull,,2026-08,1,0,1,64211133,64211152,1.0.5-draft
GDFNLKYEY47ENEC7C4MKY4SS5BTF4GP7C2KLZV7BS4J3KQ7YGGP7YXB2,no trustline at pull,,2026-02 + 2026-08,10,7,3,64211133,64211152,1.0.5-draft
GDFPIIQJMXMWXGULQSLVEVY5HZUDHROXLATFG4XBS7PJCJT6JXAIDFCN,holds a non-zero balance,46.2507485,2026-08,10954,6189,4765,64211133,64211152,1.0.5-draft
GDFRWYVLAPGETMONBZFO2QLVKJ243PPWSTU5H6W5FZALZYMVFUH6SLTB,no trustline at pull,,2026-08,1,1,0,64211133,64211152,1.0.5-draft
GDG2H2JI47ZP5IYJSSHYDYQVASVKY4F2RGYYDC7KG5YGP53S4DGSQSZW,no trustline at pull,,2026-08,1,0,1,64211133,64211152,1.0.5-draft
GDGBVCMWGWP3RPX4DJWTMQSAANGFWCAYOYHKBN5JOUN7WDDTPIGRLOW7,no trustline at pull,,2026-08,1,0,1,64211133,64211152,1.0.5-draft
GDGCKKPOSDVSC2Z7VUNUBC72A7LDEI2W26RZHUCXSGU4YY4UNOWYHOKG,no trustline at pull,,2026-08,1,1,0,64211133,64211152,1.0.5-draft
GDGEKTSK55RLTI3T7S5IFL37G2EBDTJ3NFDNDGQLNNSAIK4FJRTVCWEZ,no trustline at pull,,2026-02 + 2026-08,6,4,2,64211133,64211152,1.0.5-draft
GDGGRNZWCALK3US2SNQQET2ID3DO6LW2J2GANJ5VB4KWHHRZVA5YBUB4,no trustline at pull,,2026-08,1,1,0,64211133,64211152,1.0.5-draft
GDGSUS32YRTG3G4JNWD6LNDHWA2PIKWFIM6KRONC7KGWBVLS7MRXMRO2,no trustline at pull,,2026-02 + 2026-08,9,4,5,64211133,64211152,1.0.5-draft
GDH5LSCPFOCK3DVBONZTA4S5Z76CDAODGLYE3RM4NDHRRWW4AHH7SLAK,holds a non-zero balance,1.0000000,2026-08,1,0,1,64211133,64211152,1.0.5-draft
GDHRCQNC64UVL27EXSC6OG6I2FCT4NWM72KNHLHKEB3LK4MEEYYWETN3,holds a non-zero balance,0.2330526,2026-02,6,1,5,64211133,64211152,1.0.5-draft
GDHWLJMTITTTEDD56N3NDM5INS6RRN4QMEV2SWKEOFKJC3DUKTQZAKSU,no trustline at pull,,2026-08,1,1,0,64211133,64211152,1.0.5-draft
GDI2H72ANMCQMQU2QSZPR5IRED2JZVZFIZO4ODNANIXHDQ7EYTCDGWOY,no trustline at pull,,2026-02 + 2026-08,5,2,3,64211133,64211152,1.0.5-draft
GDIADPPBZARYSHWXL3CVKYRIUXZSQW2HNRD5OGVROZQYMNCWX6WQ5HMM,no trustline at pull,,2026-08,1,0,1,64211133,64211152,1.0.5-draft
GDIZBVYOSQDIC3ALLHTLEGXZO4FK5D37JFNI3SEXOM674ORQBJENNJIT,no trustline at pull,,2026-08,51,50,1,64211133,64211152,1.0.5-draft
GDJ22UQUG5D4FG4FXNCB7TOTF3T5KOFWR7AVNXQTA3JGJAUTXEJD26OA,no trustline at pull,,2026-02 + 2026-08,3,1,2,64211133,64211152,1.0.5-draft
GDJNDIB5I2M4RVLFVSNOOAX2AXWTKAU7JXVBVWE744G4AHQLZVX6FTQD,no trustline at pull,,2026-08,1,0,1,64211133,64211152,1.0.5-draft
GDJSH2NU2WF6J4P5DL4522DUCABWSTZOKFQ7BHBCFYQ3QKC6FRYWP6OL,"trustline open, zero balance",0.0000000,2026-02 + 2026-08,103,19,84,64211133,64211152,1.0.5-draft
GDJSHJALTU3W5C6DZTHO5XH3LCPNPCKQSBA5K7AKTUQWGEQJ5XL3JKXT,no trustline at pull,,2026-02 + 2026-08,1761,114,1647,64211133,64211152,1.0.5-draft
GDJUS7RFUJQWWRIKX2C6L5GCOAFPSE5L7EEFBGRLK6VJ5T3HJ3E3BNAT,no trustline at pull,,2026-08,1,0,1,64211133,64211152,1.0.5-draft
GDJXD42BGRRN336UDRG6MHI5LK4RO2LUJROE3GDQMJ7RPPBS2JNJOO7C,no trustline at pull,,2026-02 + 2026-08,7,2,5,64211133,64211152,1.0.5-draft
GDKE26ECWHBKAEUZ2HHZ7WLS4OEWSIKKXKEIGPFOZBJLJG7QOUYP6726,no trustline at pull,,2026-02 + 2026-08,5,3,2,64211133,64211152,1.0.5-draft
GDKEPDOQHJGMUW53OA2GIITADF4OS3WOWN42YQD4UGBSBILAZ6HBXEXG,no trustline at pull,,2026-08,1,1,0,64211133,64211152,1.0.5-draft
GDKET3IZMV2ZAM4CIWSWWFOTLWDSHIR7NJBHZOWXGZA7C35D4W7BLK7W,no trustline at pull,,2026-02 + 2026-08,9839,761,9078,64211133,64211152,1.0.5-draft
GDKXS7XDDZJ23R7WBMQUKZBK3OXVDTTZKNJQ6MWECWFU5FSKPU53WQTH,no trustline at pull,,2026-08,1,0,1,64211133,64211152,1.0.5-draft
GDL75PXBUUMD43KPEMAIVHJVP2KG3EQCPJ3NYKK444M55FXAD6RKOZCJ,no trustline at pull,,2026-02,4,2,2,64211133,64211152,1.0.5-draft
GDLB5FHTCH2BF3GKNJUNAXDBU753EHHMIDBGWMKZJ3OKAHALWLCM7JZN,no trustline at pull,,2026-08,3,1,2,64211133,64211152,1.0.5-draft
GDLPR3HFGF5HZ2Z6QOY3NOIBWZXPAW36FU2KE6ZSYKORGTGLNF7XJV7I,no trustline at pull,,2026-08,31,9,22,64211133,64211152,1.0.5-draft
GDM22NKY7E67YQ25HDWZFQCNN3XUITQDXAWC5RAIUTCEJUQMJRNW5DHK,no trustline at pull,,2026-08,38,8,30,64211133,64211152,1.0.5-draft
GDMB47ZXUVS6KGX2AORUSQ7JSISRNJ77TYI7GOG5P366VI2GX6OCW6FN,no trustline at pull,,2026-02 + 2026-08,13,4,9,64211133,64211152,1.0.5-draft
GDNSDCYXSBAXMGIDMCM6322Y5ZQEBBKJ7OZDEWOXY7EEXDTZKJGRWA3J,no trustline at pull,,2026-08,1,0,1,64211133,64211152,1.0.5-draft
GDNSNV5Q6IESDEFXERF3X6PUMGTC3ISAYXN2RIK6IKKE54FQGNHCXYBS,no trustline at pull,,2026-02 + 2026-08,10,5,5,64211133,64211152,1.0.5-draft
GDNSP5GYE27CESNP57HETU4DK7XOPCF6TDLPCAPAM6KDDE47LBSGNWJ7,"trustline open, zero balance",0.0000000,2026-02,1,0,1,64211133,64211152,1.0.5-draft
GDNWVMBLSDQXMRWSPFDDO2QPO7Q4Q4S7FOFYZXJDDYJR2YF5HTB6AOAD,"trustline open, zero balance",0.0000000,2026-08,7,3,4,64211133,64211152,1.0.5-draft
GDNYRSBVUEGBUFPORYLWM2YE4IVLYTQPZKVSZ6GXZWQWSE373S3272DM,"trustline open, zero balance",0.0000000,2026-08,2,2,0,64211133,64211152,1.0.5-draft
GDO3VQPTZETBGYGRHJHAS3NJ7VDSOMZSXLZSRX5GLHOYZ7L4TXK26443,no trustline at pull,,2026-08,1,1,0,64211133,64211152,1.0.5-draft
GDOBV6FRG23ZXDCD3SJ3CZJCP43HQJA3XTOPUNOEDK2G6HHMQ2QRLXEH,no trustline at pull,,2026-08,1,0,1,64211133,64211152,1.0.5-draft
GDOMSKKO7BDNCALX5AIBMJDU5QA6D6I734MCTMT37M25W2I7R6ZR2T6B,no trustline at pull,,2026-08,1,0,1,64211133,64211152,1.0.5-draft
GDOR3HJV7N4GXETITJISPP2GYZU3BZLSJNMM23JF2ZYI544SWYLEYVXE,no trustline at pull,,2026-08,1,0,1,64211133,64211152,1.0.5-draft
GDP4BEOE7ET5SD7TM34PGOMUKYP46IEREFTGWXZWSVHSU4I4ZDYTTBXW,no trustline at pull,,2026-08,3,0,3,64211133,64211152,1.0.5-draft
GDPUXTAOM6WKXWYQAJIIZL6OMTEOICZHK2XAJV5WS26S3LLVYHY4PRPA,no trustline at pull,,2026-08,2,1,1,64211133,64211152,1.0.5-draft
GDPXUSYCGIFQOJH3Y33LKEUXJLUR3NRYCIGLAOC2EJ45OKWSUTKXO27W,no trustline at pull,,2026-02,2,0,2,64211133,64211152,1.0.5-draft
GDQ5GQXIVGMGR7UUOVM4AIQEYJVNY2VXKJYAJMMFGL4FEEYUOJMURJSD,no trustline at pull,,2026-08,1,0,1,64211133,64211152,1.0.5-draft
GDQ5NI3ZHOO432WDSYDYMCBF5HBIMVVOCANWDAYBC7YM7VF2SRJV2VAD,no trustline at pull,,2026-02 + 2026-08,8,5,3,64211133,64211152,1.0.5-draft
GDQIV7JNLJTDFJGVDQS2UK77VUM7LR6VYNQZQQCCZUTYC76TAZMBX64V,no trustline at pull,,2026-08,1,1,0,64211133,64211152,1.0.5-draft
GDQOIHLHKQ7T47TSTGOICGFSAVVQOHP5YU4LIHVIMVI56NO2TV3GKVBU,no trustline at pull,,2026-02 + 2026-08,1474,527,947,64211133,64211152,1.0.5-draft
GDQY3T2ZJXVGV23R32AIHKPC2RLMMYSEK3EGRZ4MA2CYEGXHE63BLEND,holds a non-zero balance,0.9389096,2026-02,1,1,0,64211133,64211152,1.0.5-draft
GDR423VLLSYER6G4PHXCB2WCJCTKIHBRCT65XXDHF3PN3UVFGFGJUD4D,holds a non-zero balance,0.2855302,2026-08,2,0,2,64211133,64211152,1.0.5-draft
GDRBXAIQW7XHQNX7KOG7KP6GVWCZC42LJAALJ3GF3PENW2I6T65HA34K,no trustline at pull,,2026-08,1,0,1,64211133,64211152,1.0.5-draft
GDRHJ5WDL46YYTVWALMCA3O3S6SIJEROWKNFE4YOGP7VDSTDXOOXZ5N7,no trustline at pull,,2026-08,1,0,1,64211133,64211152,1.0.5-draft
GDRJFZX4E4ES5KQ2XZRYR4MDDQCF7VV6VCG3XLAKO3ANHLO4A75S3CWR,no trustline at pull,,2026-02 + 2026-08,9,3,6,64211133,64211152,1.0.5-draft
GDRMSSXY362ILYXIEJBUM4EUTSUP7CNJIELLGVN7NXQBBLPE3DAAAY6E,no trustline at pull,,2026-08,1,0,1,64211133,64211152,1.0.5-draft
GDRUZEOFPM35F3HIZKW67HEJUGGOTDFWLQ6U6RI55SPSH55CME7UH7RD,no trustline at pull,,2026-08,3,1,2,64211133,64211152,1.0.5-draft
GDS42IGGC7XCPOO24OSGM5WW6NXHWQAZ5NYPDHMMKLTEA7GOMDA5TP4Q,no trustline at pull,,2026-02,2,2,0,64211133,64211152,1.0.5-draft
GDSANA2XZQJLPEWXKAF5XYOFYNJXCDQNFUJMW3EVGASIAXALG65YIHXC,holds a non-zero balance,213.5163169,2026-02,1,0,1,64211133,64211152,1.0.5-draft
GDSQXAXL73522TU4AUQJ2JLW4BJKLAKLPTIKXWSSFDGTHUK5Y5WCMIDV,no trustline at pull,,2026-02,1,1,0,64211133,64211152,1.0.5-draft
GDTLBATGFFP7BGOPHO7QPPQY5KHUWXLBLVRFR6LJPANKG2QQIY4V5X2O,no trustline at pull,,2026-02,93,32,61,64211133,64211152,1.0.5-draft
GDTLPW3OT45NMOLJKWS3LF6GUAP77Y27XJ4ZMDR7XLCUYSWD4M4Y6TLC,"trustline open, zero balance",0.0000000,2026-08,49,31,18,64211133,64211152,1.0.5-draft
GDUAPYVJCK7IPTGFHQA7SG4FLILDLORB7ENGIKHPUKHFEWTKSSDKO4LE,no trustline at pull,,2026-08,1,1,0,64211133,64211152,1.0.5-draft
GDUCKO6IRUGX7HMECPX2TET6NX3HFG5G62IAEA66EFE26INWZH5SET7E,no trustline at pull,,2026-08,1,1,0,64211133,64211152,1.0.5-draft
GDVDZ2FKTOLZK4FZMEO2ZSMP5L3MYFJHF3KNJ6FK7GL3KQLSCX2CDUAN,no trustline at pull,,2026-08,1,0,1,64211133,64211152,1.0.5-draft
GDWC3UG65L4NKJDCQZXJF5JTBNQSM7ZBMMW4PIMGHARKGIKOFJJNMHXT,no trustline at pull,,2026-08,1,0,1,64211133,64211152,1.0.5-draft
GDWLAIT6G3YHK7K6VZLLV6NRC2HRLQTUTUJPYCA46ZONRXO6YP5XNCP4,no trustline at pull,,2026-08,1,1,0,64211133,64211152,1.0.5-draft
GDWM7UKY3F6NCPIPKLNIM2MWBY5UNLBWYQLU4WSX2NVILOGHREKALJA5,no trustline at pull,,2026-02 + 2026-08,2,1,1,64211133,64211152,1.0.5-draft
GDX26VLXLJ4VAPS3YBW6B2QMMTY62BAWPUSSZ3WZ4YAHYPX4ZSGXM3BH,no trustline at pull,,2026-08,1,0,1,64211133,64211152,1.0.5-draft
GDY4KZIR6ITUO47KKJJUMSETC5KM2PWS2JWCBKTT7Z5IOBP5P2A4O2OE,no trustline at pull,,2026-08,1,0,1,64211133,64211152,1.0.5-draft
GDYRASRUQQRJZRITI7UFDQTSLWCISBBZWP4MLVCQ34G7GVM3K6KUSQKJ,no trustline at pull,,2026-08,1,0,1,64211133,64211152,1.0.5-draft
GDYW7VLWZRN4FHVZTHWIP6FQT4Q4PF7TRCLUFLYN52S4423PHIJJ35GX,no trustline at pull,,2026-02 + 2026-08,18,15,3,64211133,64211152,1.0.5-draft
GDZIQ3DABQBDTQDQB57XEHIZJVRQUHO25VYFTCH466BXTHPQV5JKL63L,no trustline at pull,,2026-08,6,3,3,64211133,64211152,1.0.5-draft
GDZK4JBS567MWKLC7O3BIHDP4B2V2RPRBWDU2KML4CPVNIO3W3YXNOOT,"trustline open, zero balance",0.0000000,2026-08,2,2,0,64211133,64211152,1.0.5-draft
GDZLW4Q7TJNBRK5PXKQUD5RGIWTYL3DAGS7CFAIXBYHIYSM6GLIAUGMY,no trustline at pull,,2026-08,1,1,0,64211133,64211152,1.0.5-draft
GDZUN76I5RYAJNF4VYNKVYT3TLJDNVHZ4V7U4K7LEROUHSEXNPGYZJMD,no trustline at pull,,2026-08,1,0,1,64211133,64211152,1.0.5-draft
