seq	kind	requested_at_utc	received_at_utc	http_status	latest_ledger	horizon_date	body_bytes	records	sha256	stored_file	url
1	assets	2026-08-31T16:48:58Z	2026-08-31T16:48:59Z	200	64211652	Mon, 31 Aug 2026 16:48:59 GMT	2002	1	d1dc8e05b569642c1ad36f8adee490d8e0b258e28d053e51286f7ff3912845d8	bodies/BTCLN.GDPKQ2TS.json	https://horizon.stellar.org/assets?asset_code=BTCLN&asset_issuer=GDPKQ2TSNJOFSEE7XSUXPWRP27H6GFGLWD7JCHNEYYWQVGFA543EVBVT
2	assets	2026-08-31T16:48:59Z	2026-08-31T16:49:00Z	200	64211652	Mon, 31 Aug 2026 16:49:00 GMT	2019	1	148870325175a7f16671aefe6b026da959395a54aff392b2a16480f3c255dc2d	bodies/DicInu.GDMNBJWZ.json	https://horizon.stellar.org/assets?asset_code=DicInu&asset_issuer=GDMNBJWZBNQFCDUDPTG4DFLLUT6WPTMALBNX63OIM2YP5RLULTCFCNEA
3	assets	2026-08-31T16:49:01Z	2026-08-31T16:49:02Z	200	64211652	Mon, 31 Aug 2026 16:49:02 GMT	2040	1	248ccb80c4ebdfb3e98a7fe79a4ce780e6008122322d6c12a15a989a5d544b52	bodies/LIBRE.GAYCCWKE.json	https://horizon.stellar.org/assets?asset_code=LIBRE&asset_issuer=GAYCCWKECNGDRHYU3UTREBD2XLC3CUQN6FV22TKM4WCQER3IWR7TF5CY
4	assets	2026-08-31T16:49:02Z	2026-08-31T16:49:04Z	200	64211653	Mon, 31 Aug 2026 16:49:03 GMT	1995	1	45f43cdb0c9e1299c7fea21f3d31d55a273d8c62fa39a806a723f9888a36dd22	bodies/PAYBO.GDNUDY5L.json	https://horizon.stellar.org/assets?asset_code=PAYBO&asset_issuer=GDNUDY5LNUVCO55LLK6H2RCOILB6EO7UOVAOGDTV3FB7Y2U45TMAXD3D
5	assets	2026-08-31T16:49:04Z	2026-08-31T16:49:05Z	200	64211653	Mon, 31 Aug 2026 16:49:05 GMT	2088	1	3ddade708dfcc79f97490f2d2dc3307a54f166d34fca85b1687553e17682061c	bodies/PYUSD.GDQE7IXJ.json	https://horizon.stellar.org/assets?asset_code=PYUSD&asset_issuer=GDQE7IXJ4HUHV6RQHIUPRJSEZE4DRS5WY577O2FY6YQ5LVWZ7JZTU2V5
6	assets	2026-08-31T16:49:05Z	2026-08-31T16:49:07Z	200	64211653	Mon, 31 Aug 2026 16:49:06 GMT	2093	1	90735f2eb2181d7a29263b61c65d88061dff34fc15756fee1d894aff171fab8c	bodies/REAL8.GBVYYQ7X.json	https://horizon.stellar.org/assets?asset_code=REAL8&asset_issuer=GBVYYQ7XXRZW6ZCNNCL2X2THNPQ6IM4O47HAA25JTAG7Z3CXJCQ3W4CD
7	assets	2026-08-31T16:49:07Z	2026-08-31T16:49:08Z	200	64211653	Mon, 31 Aug 2026 16:49:08 GMT	1996	1	4849d7581ec44fb794d06419acc14da98895d1382b7c21b758f4f615d3d04a45	bodies/SCROOGE.GD2TQV2V.json	https://horizon.stellar.org/assets?asset_code=SCROOGE&asset_issuer=GD2TQV2VEAVBXMPR6YKFJLPXTA6AUBIWZ753NVLAKKAG6KVLJ5SPE6YA
8	assets	2026-08-31T16:49:09Z	2026-08-31T16:49:10Z	200	64211654	Mon, 31 Aug 2026 16:49:10 GMT	1984	1	f245e32e7f82c1aa04cd8270d11013219b8f18372ad48e2cecf9324ba23e2132	bodies/TRNPC.GBOCPMDD.json	https://horizon.stellar.org/assets?asset_code=TRNPC&asset_issuer=GBOCPMDDPVEROZINIDLCQYW3JVVKY7FWZTM2TSLLGAJ5OF4JB4WDHH7K
9	assets	2026-08-31T16:49:10Z	2026-08-31T16:49:11Z	200	64211654	Mon, 31 Aug 2026 16:49:11 GMT	2085	1	48159717aa392f28702204df78472fc8845e0b282e05a5292ddb7f32a8885ea2	bodies/USDGLO.GBBS25EG.json	https://horizon.stellar.org/assets?asset_code=USDGLO&asset_issuer=GBBS25EGYQPGEZCGCFBKG4OAGFXU6DSOQBGTHELLJT3HZXZJ34HWS6XV
10	assets	2026-08-31T16:49:12Z	2026-08-31T16:49:13Z	200	64211654	Mon, 31 Aug 2026 16:49:13 GMT	2079	1	1096760f53ceb469683eeca4adcf471cfb5d37eca4da5d9020bfdd65b29199d5	bodies/USTRY.GCRYUGD5.json	https://horizon.stellar.org/assets?asset_code=USTRY&asset_issuer=GCRYUGD5NVARGXT56XEZI5CIFCQETYHAPQQTHO2O3IQZTHDH4LATMYWC
11	assets	2026-08-31T16:49:13Z	2026-08-31T16:49:15Z	200	64211655	Mon, 31 Aug 2026 16:49:14 GMT	2005	1	d618eb63bf381cb7ba08c75f0fa2f9002ba2ebdbaa04a67e821885628541544a	bodies/XLMFISHz.GBLLGU7T.json	https://horizon.stellar.org/assets?asset_code=XLMFISHz&asset_issuer=GBLLGU7TWV4QKUKNQ7IAXC7VA55PLBY7LZSAKUQW2WBLUVHI3475SLGZ
12	assets	2026-08-31T16:49:15Z	2026-08-31T16:49:16Z	200	64211655	Mon, 31 Aug 2026 16:49:16 GMT	2088	1	859ab683b4286de84d2b1f3c6e130632c8f714356f69dc32b8a15b36164f4090	bodies/yUSDC.GDGTVWSM.json	https://horizon.stellar.org/assets?asset_code=yUSDC&asset_issuer=GDGTVWSM4MGS4T7Z6W4RPWOCHE2I6RDFCIFZGS3DOA63LWQTRNZNTTFF
13	assets	2026-08-31T16:49:16Z	2026-08-31T16:49:18Z	200	64211655	Mon, 31 Aug 2026 16:49:18 GMT	2078	1	5bbf1e87a86ecb8158d0a0f814b655471afba5266eea3f295994ff637654c150	bodies/ACT.GAHHULDP.json	https://horizon.stellar.org/assets?asset_code=ACT&asset_issuer=GAHHULDPDVGB5WS5PH7BCGLJ7ZHECDBIIMKB62UPVDUOCHNFL7HX3FS7
14	assets	2026-08-31T16:49:18Z	2026-08-31T16:49:19Z	200	64211655	Mon, 31 Aug 2026 16:49:19 GMT	2079	1	b465a17e246c0676090c4e5e5f4954c15e9a5633d17c6866055db688558cb561	bodies/AFR.GBX6YI45.json	https://horizon.stellar.org/assets?asset_code=AFR&asset_issuer=GBX6YI45VU7WNAAKA3RBFDR3I3UKNFHTJPQ5F6KOOKSGYIAM4TRQN54W
15	assets	2026-08-31T16:49:20Z	2026-08-31T16:49:21Z	200	64211656	Mon, 31 Aug 2026 16:49:21 GMT	1994	1	2e968362d70d4d9bfc5da11ec6f183c78db72f6f9cb5e81d47bfd329f6a453f3	bodies/AIus.GDBYZGMI.json	https://horizon.stellar.org/assets?asset_code=AIus&asset_issuer=GDBYZGMIKX6AVEH53TH2MEXQVUPSWOMSDBTRNAEYTKSHYNBLQK3Z4QWU
16	assets	2026-08-31T16:49:21Z	2026-08-31T16:49:22Z	200	64211656	Mon, 31 Aug 2026 16:49:22 GMT	2081	1	bec8d16fb0bc881f5c71287e249243c180412e2f6936c1588bc73249bb142592	bodies/AMM.GARQ7O5J.json	https://horizon.stellar.org/assets?asset_code=AMM&asset_issuer=GARQ7O5JPBD2DDVEFFZ2LVWH77BYSC7K7RMGI7W5GLRVSWPHZBNGBDOQ
17	assets	2026-08-31T16:49:23Z	2026-08-31T16:49:24Z	200	64211656	Mon, 31 Aug 2026 16:49:24 GMT	2099	1	5f6d075524cb6cfe94212e3da9fb4064ebbc709b9c49ba3589742be6817b42b0	bodies/AQUA.GBNZILST.json	https://horizon.stellar.org/assets?asset_code=AQUA&asset_issuer=GBNZILSTVQZ4R7IKQDGHYGY2QXL5QOFJYQMXPKWRRM5PAV7Y4M67AQUA
18	assets	2026-08-31T16:49:24Z	2026-08-31T16:49:26Z	200	64211657	Mon, 31 Aug 2026 16:49:26 GMT	2080	1	0ecd2bb89e4f27426f60ab0d2602ff4c8b7cca92eed1bc4b0e32b12f86babe84	bodies/ARST.GCSAZVWX.json	https://horizon.stellar.org/assets?asset_code=ARST&asset_issuer=GCSAZVWXZKWS4XS223M5F54H2B6XPIIXZZGP7KEAIU6YSL5HDRGCI3DG
19	assets	2026-08-31T16:49:26Z	2026-08-31T16:49:28Z	200	64211657	Mon, 31 Aug 2026 16:49:27 GMT	2064	1	f7ec3050cd2006c8ae9ddeed496a69dd72287adde00396fbdbe8f1bdbb3a19c1	bodies/AUDD.GDC7X2MX.json	https://horizon.stellar.org/assets?asset_code=AUDD&asset_issuer=GDC7X2MXTYSAKUUGAIQ7J7RPEIM7GXSAIWFYWWH4GLNFECQVJJLB2EEU
20	assets	2026-08-31T16:49:28Z	2026-08-31T16:49:29Z	200	64211657	Mon, 31 Aug 2026 16:49:29 GMT	2067	1	a136e2dd70ad63a24e284005482b356628aa3be74888101f0d874f2efb3d030c	bodies/BASH.GBQ42A3K.json	https://horizon.stellar.org/assets?asset_code=BASH&asset_issuer=GBQ42A3K32ZFOKGB3JJCDXJW7LNAS3GEPQM7J43KYCR7OKVIUON7D65N
21	assets	2026-08-31T16:49:30Z	2026-08-31T16:49:31Z	200	64211657	Mon, 31 Aug 2026 16:49:31 GMT	2000	1	e6f573ca19e8c987086b92f9d9f006b3f4bd28c564b2ec5cedae81702d0b6c0c	bodies/BEER.GBL2VH6M.json	https://horizon.stellar.org/assets?asset_code=BEER&asset_issuer=GBL2VH6MT5QGTNQ7P725U2U6HI4MXEAKDCX3NO7OHAM2B6JNZSXLSHNN
22	assets	2026-08-31T16:49:31Z	2026-08-31T16:49:32Z	200	64211658	Mon, 31 Aug 2026 16:49:32 GMT	1971	1	e7aa5a091a94af524d70b324ce591439f98eb2a81d90a317c95f031adba403c4	bodies/BRL.GDVKY2GU.json	https://horizon.stellar.org/assets?asset_code=BRL&asset_issuer=GDVKY2GU2DRXWTBEYJJWSFXIGBZV6AZNBVVSUHEPZI54LIS6BA7DVVSP
23	assets	2026-08-31T16:49:33Z	2026-08-31T16:49:34Z	200	64211658	Mon, 31 Aug 2026 16:49:34 GMT	2054	1	abb44e06bf9fc6cf9427797db3cf6a7a6fe8e38630b9a09282acb21cc9ea3cb0	bodies/BTC.GDPJALI4.json	https://horizon.stellar.org/assets?asset_code=BTC&asset_issuer=GDPJALI4AZKUU2W426U5WKMAT6CN3AJRPIIRYR2YM54TL2GDWO5O2MZM
24	assets	2026-08-31T16:49:34Z	2026-08-31T16:49:35Z	200	64211658	Mon, 31 Aug 2026 16:49:35 GMT	1996	1	fb6d77e6bcf99a8fc7341792e545bb351c9c725f5e8c391bb5a7dc702ace19d5	bodies/eBTC.GCEAHWRS.json	https://horizon.stellar.org/assets?asset_code=eBTC&asset_issuer=GCEAHWRSUTM2T6ATHI7DFGLXV4COMFL4OGJLAELLJIE6S6AWBGUEEBTC
25	assets	2026-08-31T16:49:36Z	2026-08-31T16:49:37Z	200	64211658	Mon, 31 Aug 2026 16:49:37 GMT	1957	1	07362104b8d4dac7adb3567f23916876a13a577774e370774bbefcd05e07671c	bodies/EMN.GAKIOVTN.json	https://horizon.stellar.org/assets?asset_code=EMN&asset_issuer=GAKIOVTNEZUTBT7EZMGAIGNW536KS7JBPBBLEBN6ZPWKVGW45TDPV74I
26	assets	2026-08-31T16:49:37Z	2026-08-31T16:49:39Z	200	64211659	Mon, 31 Aug 2026 16:49:39 GMT	2057	1	2870be3f7d2999cef1eb3b046ea95754211684cfd9c2cd92a8e1ac15d8568a00	bodies/ETH.GBFXOHVA.json	https://horizon.stellar.org/assets?asset_code=ETH&asset_issuer=GBFXOHVAS43OIWNIO7XLRJAHT3BICFEIKOJLZVXNT572MISM4CMGSOCC
27	assets	2026-08-31T16:49:39Z	2026-08-31T16:49:40Z	200	64211659	Mon, 31 Aug 2026 16:49:40 GMT	2062	1	953cd4b9687e4a81ef8082b25c490ba2918b18e1a3828f94f53475871e8f0906	bodies/EURC.GAQRF3UG.json	https://horizon.stellar.org/assets?asset_code=EURC&asset_issuer=GAQRF3UGHBT6JYQZ7YSUYCIYWAF4T2SAA5237Q5LIQYJOHHFAWDXZ7NM
28	assets	2026-08-31T16:49:40Z	2026-08-31T16:49:42Z	200	64211659	Mon, 31 Aug 2026 16:49:42 GMT	2070	1	8b5e9d6b4908cd223f05bd907906ab0766fe4b31646df141d5f8829d0817dce5	bodies/EURC.GDHU6WRG.json	https://horizon.stellar.org/assets?asset_code=EURC&asset_issuer=GDHU6WRG4IEQXM5NZ4BMPKOXHW76MZM4Y2IEMFDVXBSDP6SJY4ITNPP2
29	assets	2026-08-31T16:49:42Z	2026-08-31T16:49:43Z	200	64211660	Mon, 31 Aug 2026 16:49:43 GMT	1993	1	c0c56b7e10514cbcb9766c735377319fe2f9d2a21c4686c47e4ce1544950a9c6	bodies/FRED.GCA73U2P.json	https://horizon.stellar.org/assets?asset_code=FRED&asset_issuer=GCA73U2PZFWAXJSNVMEVPNPPJCZGETWPWZC6E4DJAIWP3ZW3BAGYZLV6
30	assets	2026-08-31T16:49:44Z	2026-08-31T16:49:45Z	200	64211660	Mon, 31 Aug 2026 16:49:45 GMT	1977	1	59bad016a54c56d6ce7d0b6109935a12bc0aa81c545d9f0f21e3b6a57a661ac7	bodies/FUNT.GBUYUAI7.json	https://horizon.stellar.org/assets?asset_code=FUNT&asset_issuer=GBUYUAI75XXWDZEKLY66CFYKQPET5JR4EENXZBUZ3YXZ7DS56Z4OKOFU
31	assets	2026-08-31T16:49:45Z	2026-08-31T16:49:48Z	200	64211660	Mon, 31 Aug 2026 16:49:47 GMT	2059	1	1f1986cc8c276ccc842dd2e64a13b9eaa924b077b3dc1b5ca97f9704cbce4a3c	bodies/GOLD.GBC5ZGK6.json	https://horizon.stellar.org/assets?asset_code=GOLD&asset_issuer=GBC5ZGK6MQU3XG5Y72SXPA7P5R5NHYT2475SNEJB2U3EQ6J56QLVGOLD
32	assets	2026-08-31T16:49:48Z	2026-08-31T16:49:49Z	200	64211661	Mon, 31 Aug 2026 16:49:49 GMT	1980	1	e9f1434229427e737a80c82bc9ea7f23054cb231bb23cb949a03de935a9f462f	bodies/GOLD.GBCB4WO6.json	https://horizon.stellar.org/assets?asset_code=GOLD&asset_issuer=GBCB4WO6J4ET55RWK2SVX76LUQ4PQ7TCDHG2YFILQML7D6XR3HACLXAU
33	assets	2026-08-31T16:49:49Z	2026-08-31T16:49:51Z	200	64211661	Mon, 31 Aug 2026 16:49:51 GMT	2068	1	1d9df53e41a3caca0c6284e181d95486035764636abd76de1c6ae51a9c430d9b	bodies/GQX.GD7TC72O.json	https://horizon.stellar.org/assets?asset_code=GQX&asset_issuer=GD7TC72O5HML5UMZXQCIXGBR4KJ3MYM2ICPOR4BBN56K6JUSRVWTDAQF
34	assets	2026-08-31T16:49:51Z	2026-08-31T16:49:52Z	200	64211661	Mon, 31 Aug 2026 16:49:52 GMT	2005	1	26e2613db77bcb4a7632cae6b06e45d0b74f91d3bc63d3bc7fee7d18a84b07f9	bodies/GROG.GBE2P44L.json	https://horizon.stellar.org/assets?asset_code=GROG&asset_issuer=GBE2P44LQXAXCRGGQARWIIM6C6Y6MS3S5FE2RENGO3S5JZFA6H5YTECL
35	assets	2026-08-31T16:49:53Z	2026-08-31T16:49:54Z	200	64211661	Mon, 31 Aug 2026 16:49:54 GMT	1973	1	9c1a097c741d1ece8392e0b81eb6d91a5955f7678ca74c0e4b398e0e1eb09435	bodies/GZC.GCGZCF3I.json	https://horizon.stellar.org/assets?asset_code=GZC&asset_issuer=GCGZCF3IK52DJ6JAFAMDQUGSSTFXNCCLZI5YL2WQZ4SJ4B66T4FRIGZC
36	assets	2026-08-31T16:49:54Z	2026-08-31T16:49:56Z	200	64211662	Mon, 31 Aug 2026 16:49:55 GMT	1915	1	99857cd0685153b365d1ac90189725e3f06af72bb6e629c4a82d5b5b5154eb43	bodies/HU.GBGRBCUB.json	https://horizon.stellar.org/assets?asset_code=HU&asset_issuer=GBGRBCUB6L7LH4JQ6EPDP7REH2DDACMCUQI76M3P6DM52QWU2Z5LIEVW
37	assets	2026-08-31T16:49:56Z	2026-08-31T16:49:57Z	200	64211662	Mon, 31 Aug 2026 16:49:57 GMT	2075	1	96f2db9757fde7ac139f0e0dceb848bf6e5b9ba3765742d3988137006dcbad40	bodies/IDRT.GDPKQ2TS.json	https://horizon.stellar.org/assets?asset_code=IDRT&asset_issuer=GDPKQ2TSNJOFSEE7XSUXPWRP27H6GFGLWD7JCHNEYYWQVGFA543EVBVT
38	assets	2026-08-31T16:49:57Z	2026-08-31T16:49:59Z	200	64211662	Mon, 31 Aug 2026 16:49:59 GMT	1990	1	5ca2cd12fc36dae661ded3f6e29aed2d36c94ae00db0137289c36fa8d94201ab	bodies/JDMC.GDZ7MGCU.json	https://horizon.stellar.org/assets?asset_code=JDMC&asset_issuer=GDZ7MGCU3TH4EVXU6S7EZSCRH6VCL36L4Q436MNVLEEFFVXRLRMHGZX2
39	assets	2026-08-31T16:49:59Z	2026-08-31T16:50:01Z	200	64211663	Mon, 31 Aug 2026 16:50:01 GMT	2075	1	c466527f4ce9077db253052bb29c9dc2e89e02f69facff7427670edaf2d09800	bodies/LSP.GAB7STHV.json	https://horizon.stellar.org/assets?asset_code=LSP&asset_issuer=GAB7STHVD5BDH3EEYXPI3OM7PCS4V443PYB5FNT6CFGJVPDLMKDM24WK
40	assets	2026-08-31T16:50:01Z	2026-08-31T16:50:02Z	200	64211663	Mon, 31 Aug 2026 16:50:02 GMT	1994	1	d2faef6dc662917ac1d645a69b6bd041651f85904a8eb4744477dd236ac2bab6	bodies/neco.GB5NWTBD.json	https://horizon.stellar.org/assets?asset_code=neco&asset_issuer=GB5NWTBDWP4S5YEPLXOPAUFAENOK7KM3Q6ZFZ55TGGQYIZEPFT22OL4S
41	assets	2026-08-31T16:50:03Z	2026-08-31T16:50:04Z	200	64211663	Mon, 31 Aug 2026 16:50:04 GMT	1977	1	d659e4b7a1596746ab2c57207d22c9623a80295a28e14a2b994faf837640422a	bodies/RBT.GCMSCRWZ.json	https://horizon.stellar.org/assets?asset_code=RBT&asset_issuer=GCMSCRWZ3QBOI6AF75B5ZWDBXOSMIRW4FSBZH5OI65Y4H4GVH7LPSOYS
42	assets	2026-08-31T16:50:04Z	2026-08-31T16:50:05Z	200	64211663	Mon, 31 Aug 2026 16:50:05 GMT	1970	1	25c0cb5ae6245b1316988849a53e552e68fdf1a91c302ad70a7cda42941099a0	bodies/RCW.GCEDS7HG.json	https://horizon.stellar.org/assets?asset_code=RCW&asset_issuer=GCEDS7HGAF5OEPC6BRY42OOZF5IKLFNDGVQJ5AG767K6TNBWY26CFYXG
43	assets	2026-08-31T16:50:06Z	2026-08-31T16:50:07Z	200	64211663	Mon, 31 Aug 2026 16:50:07 GMT	2084	1	d3a4e77c059fe4d426d89b36ef36bb0b7dccc1e8bdf37ba3780db46b68f3630e	bodies/SHX.GDSTRSHX.json	https://horizon.stellar.org/assets?asset_code=SHX&asset_issuer=GDSTRSHXHGJ7ZIVRBXEYE5Q74XUVCUSEKEBR7UCHEUUEK72N7I7KJ6JH
44	assets	2026-08-31T16:50:07Z	2026-08-31T16:50:09Z	200	64211663	Mon, 31 Aug 2026 16:50:08 GMT	2065	1	6a69212df98e41df2201afd3a305db7a1ad0900491f10ab1f7d25391c12f8851	bodies/SLVR.GBZVELEQ.json	https://horizon.stellar.org/assets?asset_code=SLVR&asset_issuer=GBZVELEQD3WBN3R3VAG64HVBDOZ76ZL6QPLSFGKWPFED33Q3234NSLVR
45	assets	2026-08-31T16:50:09Z	2026-08-31T16:50:10Z	200	64211663	Mon, 31 Aug 2026 16:50:10 GMT	1995	1	5097c22226e17331c7b0433823352650c8871fa9cdb8fbd006cbe8ceb6838b22	bodies/SOLS.GAWTJMZI.json	https://horizon.stellar.org/assets?asset_code=SOLS&asset_issuer=GAWTJMZIR4KPCZ7BQZK6QRAJYT6FOIM3YP2MKGWOYHPJYQQOIEJWFRED
46	assets	2026-08-31T16:50:11Z	2026-08-31T16:50:12Z	200	64211664	Mon, 31 Aug 2026 16:50:12 GMT	2093	1	0359ba531926c47d1c10ce771c3f1295c6d57aab08c89cf363d40d914cfa2f4d	bodies/SSLX.GBHFGY3Z.json	https://horizon.stellar.org/assets?asset_code=SSLX&asset_issuer=GBHFGY3ZNEJWLNO4LBUKLYOCEK4V7ENEBJGPRHHX7JU47GWHBREH37UR
47	assets	2026-08-31T16:50:12Z	2026-08-31T16:50:13Z	200	64211664	Mon, 31 Aug 2026 16:50:13 GMT	2062	1	6dcd1672883778691e33197813a63ec7873b10829b1d31a79c30c8fa711d9c4d	bodies/sUSD.GCHW7CWI.json	https://horizon.stellar.org/assets?asset_code=sUSD&asset_issuer=GCHW7CWI7GMIYQYFXMFJNJX5645XGWIINIAEQK3SABQO6CAYL5T7JYIH
48	assets	2026-08-31T16:50:14Z	2026-08-31T16:50:15Z	200	64211665	Mon, 31 Aug 2026 16:50:15 GMT	2063	1	20d62baf2c8b028b31abbb18456836ed1405788d12c52f16ce4a0a7e47bf1dc7	bodies/TFT.GBOVQKJY.json	https://horizon.stellar.org/assets?asset_code=TFT&asset_issuer=GBOVQKJYHXRR3DX6NOX2RRYFRCUMSADGDESTDNBDS6CDVLGVESRTAC47
49	assets	2026-08-31T16:50:15Z	2026-08-31T16:50:16Z	200	64211665	Mon, 31 Aug 2026 16:50:16 GMT	1917	1	502f967a6dd2263fe5d03969de0683268ae16d166d09156299c4254f2dadb999	bodies/TGM.GBGRBCUB.json	https://horizon.stellar.org/assets?asset_code=TGM&asset_issuer=GBGRBCUB6L7LH4JQ6EPDP7REH2DDACMCUQI76M3P6DM52QWU2Z5LIEVW
50	assets	2026-08-31T16:50:17Z	2026-08-31T16:50:18Z	200	64211666	Mon, 31 Aug 2026 16:50:18 GMT	1921	1	3b403db1877bd068b2a281d8e60a1597f310af3d9554cb9cae7cf8bdff8552f3	bodies/THE1.GBGRBCUB.json	https://horizon.stellar.org/assets?asset_code=THE1&asset_issuer=GBGRBCUB6L7LH4JQ6EPDP7REH2DDACMCUQI76M3P6DM52QWU2Z5LIEVW
51	assets	2026-08-31T16:50:18Z	2026-08-31T16:50:20Z	200	64211666	Mon, 31 Aug 2026 16:50:19 GMT	1989	1	3a72bd4aadc940825250e28139174fcab68c473a69ac1cb5452f831e850c2dd7	bodies/UAF.GDT5EUZM.json	https://horizon.stellar.org/assets?asset_code=UAF&asset_issuer=GDT5EUZMXIABSKZAQA4HNTWYOJI2D64DATP6KNVTV4WDZJ3K7FZDRC5E
52	assets	2026-08-31T16:50:20Z	2026-08-31T16:50:21Z	200	64211666	Mon, 31 Aug 2026 16:50:21 GMT	2072	1	c6386d41ad446733a1079119a8ecd383a9e0f1d1dd91d67edaecb02f243093b0	bodies/USDM.GDHDC4GB.json	https://horizon.stellar.org/assets?asset_code=USDM&asset_issuer=GDHDC4GBNPMENZAOBB4NCQ25TGZPDRK6ZGWUGSI22TVFATOLRPSUUSDM
53	assets	2026-08-31T16:50:21Z	2026-08-31T16:50:23Z	200	64211667	Mon, 31 Aug 2026 16:50:23 GMT	2067	1	781a972e270c3bed034e3f1e3189cf966e4e0eb4a34a5d4d7d180e4c1bc1601b	bodies/USDT.GCQTGZQQ.json	https://horizon.stellar.org/assets?asset_code=USDT&asset_issuer=GCQTGZQQ5G4PTM2GL7CDIFKUBIPEC52BROAQIAPW53XBRJVN6ZJVTG6V
54	assets	2026-08-31T16:50:23Z	2026-08-31T16:50:24Z	200	64211667	Mon, 31 Aug 2026 16:50:24 GMT	1976	1	05b5fc762050c38adbaefbe7d3c44b66e8bbb4d44980b84c8581c83815d0059d	bodies/USDZ.GAKTLPC4.json	https://horizon.stellar.org/assets?asset_code=USDZ&asset_issuer=GAKTLPC4ZV37SSCITQ5IS5AQ4WPF4CF4VZJQPPAROSGXMYOATF5U6XPR
55	assets	2026-08-31T16:50:25Z	2026-08-31T16:50:26Z	200	64211667	Mon, 31 Aug 2026 16:50:26 GMT	1976	1	394bc145d40e8eeec9aa95353181826a31ff2c3c99c0c0470ff1ab07d9dc83cb	bodies/VAQM.GC2BHMM5.json	https://horizon.stellar.org/assets?asset_code=VAQM&asset_issuer=GC2BHMM5X2OYOVQPYC3PZ4SJ5BFF52QFWF2NRXFDOJ4NIS47PU5QBVCD
56	assets	2026-08-31T16:50:26Z	2026-08-31T16:50:27Z	200	64211667	Mon, 31 Aug 2026 16:50:27 GMT	2041	1	522076962e3212cca98fcb041c5640a880adc1e7f6e7c83853147673918c9dcb	bodies/VELO.GDM4RQUQ.json	https://horizon.stellar.org/assets?asset_code=VELO&asset_issuer=GDM4RQUQQUVSKQA7S6EM7XBZP3FCGH4Q7CL6TABQ7B2BEJ5ERARM2M5M
57	assets	2026-08-31T16:50:28Z	2026-08-31T16:50:29Z	200	64211668	Mon, 31 Aug 2026 16:50:29 GMT	1976	1	4a2aacc43e5b1ad462734e5511061b05791d0548ee1e5bc826451079a82b726e	bodies/X.GB3JS5OP.json	https://horizon.stellar.org/assets?asset_code=X&asset_issuer=GB3JS5OPYP46NLVXWQ5V77B3NVDCEUKZ7JS77HJ76KHU5GIMCFJP4LEA
58	assets	2026-08-31T16:50:29Z	2026-08-31T16:50:31Z	200	64211668	Mon, 31 Aug 2026 16:50:31 GMT	1972	1	89ae4154cfb91c8e50afe51833b920cb78a168270f33a9d8a87f2437ccca4a7c	bodies/XAG.GB4I3O6E.json	https://horizon.stellar.org/assets?asset_code=XAG&asset_issuer=GB4I3O6EGAQU2HV62DKBPQXBCQVSCUHB3TLOGEPTVKFCZMPNGKYCLXAG
59	assets	2026-08-31T16:50:31Z	2026-08-31T16:50:32Z	200	64211668	Mon, 31 Aug 2026 16:50:32 GMT	2072	1	795aacb88e2a797d8c62bed4bc6188f65070a2df9d1453e05747c7a2bb0f3a8d	bodies/XAU.GBCB4WO6.json	https://horizon.stellar.org/assets?asset_code=XAU&asset_issuer=GBCB4WO6J4ET55RWK2SVX76LUQ4PQ7TCDHG2YFILQML7D6XR3HACLXAU
60	assets	2026-08-31T16:50:33Z	2026-08-31T16:50:34Z	200	64211669	Mon, 31 Aug 2026 16:50:34 GMT	1976	1	8b3febd72365546c15c2fbb4d0be12f77bcc1fd1cc9f9d90dbda1056bb3304d6	bodies/XH5.GA6N7EVP.json	https://horizon.stellar.org/assets?asset_code=XH5&asset_issuer=GA6N7EVPWJL4266JTJN52TRIRPDAKMUJWFZ5Q2RN4Z23KXCKPUTURFBF
61	assets	2026-08-31T16:50:34Z	2026-08-31T16:50:35Z	200	64211669	Mon, 31 Aug 2026 16:50:35 GMT	2073	1	fab98dcd48dc3cc751907091671246dd0f9ab516168e9be320e8bc6fb7f54ecf	bodies/XRP.GBXRPL45.json	https://horizon.stellar.org/assets?asset_code=XRP&asset_issuer=GBXRPL45NPHCVMFFAYZVUVFFVKSIZ362ZXFP7I2ETNQ3QKZMFLPRDTD5
62	assets	2026-08-31T16:50:36Z	2026-08-31T16:50:37Z	200	64211669	Mon, 31 Aug 2026 16:50:37 GMT	2094	1	8ac1bed605764a0c172bf1702da3ff12e568b030b02980f0a35b5e42684a3ae8	bodies/XTAR.GAORYJ3K.json	https://horizon.stellar.org/assets?asset_code=XTAR&asset_issuer=GAORYJ3KBDGIM7FFSKVUJHJ5NEFWIRDIAGGBJBJS7TY6ECZS53257IG4
63	assets	2026-08-31T16:50:37Z	2026-08-31T16:50:39Z	200	64211669	Mon, 31 Aug 2026 16:50:38 GMT	2085	1	621949de599f84dabc0cdbfc96d4e30532b70b4094f90b74e57794b621c57dbe	bodies/yXLM.GARDNV3Q.json	https://horizon.stellar.org/assets?asset_code=yXLM&asset_issuer=GARDNV3Q7YGT4AKSDF25LT32YSCCW4EV22Y2TV3I2PU2MMXJTEDL5T55
