2026-09-08T06:00:07.303037+00:00	200	https://horizon.stellar.org/trades?base_asset_type=credit_alphanum4&base_asset_code=USDY&base_asset_issuer=GAJMPX5NBOG6TQFPQGRABJEEB2YE7RFRLUKJDZAZGAD5GFX4J7TADAZ6&counter_asset_type=credit_alphanum12&counter_asset_code=21Ent&counter_asset_issuer=GBVYKIM4QGW7NK3Q5S76GWMZMLAWYB6FB43JQ4J7ZOXHAA3LEZZGYHSD&order=desc&limit=200
2026-09-08T06:00:09.625881+00:00	200	https://horizon.stellar.org/trades?base_asset_type=credit_alphanum4&base_asset_code=USDY&base_asset_issuer=GAJMPX5NBOG6TQFPQGRABJEEB2YE7RFRLUKJDZAZGAD5GFX4J7TADAZ6&counter_asset_type=credit_alphanum4&counter_asset_code=5x&counter_asset_issuer=GBN42AP5SK3IPTEJ2KAY7DLCAH6YQSMI3H6CCZLWW7KIJCYJ3X57JZ6R&order=desc&limit=200
2026-09-08T06:00:12.019061+00:00	200	https://horizon.stellar.org/trades?base_asset_type=credit_alphanum4&base_asset_code=USDY&base_asset_issuer=GAJMPX5NBOG6TQFPQGRABJEEB2YE7RFRLUKJDZAZGAD5GFX4J7TADAZ6&counter_asset_type=credit_alphanum12&counter_asset_code=ANUINU&counter_asset_issuer=GBXN3ONPRC4TX4CQFYAOCMSFCZSUTR2U3GJWCVQ27Z2OKFWTW42HE2ZK&order=desc&limit=200
2026-09-08T06:00:14.307764+00:00	200	https://horizon.stellar.org/trades?base_asset_type=credit_alphanum4&base_asset_code=USDY&base_asset_issuer=GAJMPX5NBOG6TQFPQGRABJEEB2YE7RFRLUKJDZAZGAD5GFX4J7TADAZ6&counter_asset_type=credit_alphanum4&counter_asset_code=BASH&counter_asset_issuer=GBQ42A3K32ZFOKGB3JJCDXJW7LNAS3GEPQM7J43KYCR7OKVIUON7D65N&order=desc&limit=200
2026-09-08T06:00:16.634689+00:00	200	https://horizon.stellar.org/trades?base_asset_type=credit_alphanum4&base_asset_code=USDY&base_asset_issuer=GAJMPX5NBOG6TQFPQGRABJEEB2YE7RFRLUKJDZAZGAD5GFX4J7TADAZ6&counter_asset_type=credit_alphanum4&counter_asset_code=CODY&counter_asset_issuer=GAW55YAX46HLIDRONLOLUWP672HTFXW5WWTEI2T7OXVEFEDE5UKQDJAK&order=desc&limit=200
2026-09-08T06:00:19.151480+00:00	200	https://horizon.stellar.org/trades?base_asset_type=credit_alphanum4&base_asset_code=USDY&base_asset_issuer=GAJMPX5NBOG6TQFPQGRABJEEB2YE7RFRLUKJDZAZGAD5GFX4J7TADAZ6&counter_asset_type=credit_alphanum12&counter_asset_code=Cleanshave&counter_asset_issuer=GCTZJCIPAJQ5OTNL5MJGA6ETMG7A3GOKYYZUO6JJPWUZCJSSUYNVAISG&order=desc&limit=200
2026-09-08T06:00:21.204676+00:00	200	https://horizon.stellar.org/trades?base_asset_type=credit_alphanum4&base_asset_code=USDY&base_asset_issuer=GAJMPX5NBOG6TQFPQGRABJEEB2YE7RFRLUKJDZAZGAD5GFX4J7TADAZ6&counter_asset_type=credit_alphanum4&counter_asset_code=DAG&counter_asset_issuer=GATSE2E74QAGQYUVC2ZDTJNMAYBEUHXZAQXYTAPNPPKP5IAH7AUODSMI&order=desc&limit=200
2026-09-08T06:00:23.855284+00:00	200	https://horizon.stellar.org/trades?base_asset_type=credit_alphanum4&base_asset_code=USDY&base_asset_issuer=GAJMPX5NBOG6TQFPQGRABJEEB2YE7RFRLUKJDZAZGAD5GFX4J7TADAZ6&counter_asset_type=credit_alphanum4&counter_asset_code=DAWG&counter_asset_issuer=GBVYKIM4QGW7NK3Q5S76GWMZMLAWYB6FB43JQ4J7ZOXHAA3LEZZGYHSD&order=desc&limit=200
2026-09-08T06:00:25.904480+00:00	200	https://horizon.stellar.org/trades?base_asset_type=credit_alphanum4&base_asset_code=USDY&base_asset_issuer=GAJMPX5NBOG6TQFPQGRABJEEB2YE7RFRLUKJDZAZGAD5GFX4J7TADAZ6&counter_asset_type=credit_alphanum4&counter_asset_code=DZA&counter_asset_issuer=GCEI5F2PL4RHI54XH2FX5LKWS37P2Z6EV7NRSNRURP7YSM2IBSUMKIUK&order=desc&limit=200
2026-09-08T06:00:28.561232+00:00	200	https://horizon.stellar.org/trades?base_asset_type=credit_alphanum4&base_asset_code=USDY&base_asset_issuer=GAJMPX5NBOG6TQFPQGRABJEEB2YE7RFRLUKJDZAZGAD5GFX4J7TADAZ6&counter_asset_type=credit_alphanum12&counter_asset_code=HANTAVIRUS&counter_asset_issuer=GBVYKIM4QGW7NK3Q5S76GWMZMLAWYB6FB43JQ4J7ZOXHAA3LEZZGYHSD&order=desc&limit=200
2026-09-08T06:00:31.874894+00:00	200	https://horizon.stellar.org/trades?base_asset_type=credit_alphanum4&base_asset_code=USDY&base_asset_issuer=GAJMPX5NBOG6TQFPQGRABJEEB2YE7RFRLUKJDZAZGAD5GFX4J7TADAZ6&counter_asset_type=credit_alphanum4&counter_asset_code=KASH&counter_asset_issuer=GBCG53VA66GUVWSVBMDK37MNPGUJFPZ6R74RWXIYOB5XPLXVSRVM45K6&order=desc&limit=200
2026-09-08T06:00:34.470592+00:00	200	https://horizon.stellar.org/trades?base_asset_type=credit_alphanum4&base_asset_code=USDY&base_asset_issuer=GAJMPX5NBOG6TQFPQGRABJEEB2YE7RFRLUKJDZAZGAD5GFX4J7TADAZ6&counter_asset_type=credit_alphanum4&counter_asset_code=LGSr&counter_asset_issuer=GANE2MZDRECTZL3KXPO2SEQNOMPV3TXD6U6T2KQDOJKAWPWCKTF2LGST&order=desc&limit=200
2026-09-08T06:00:37.165784+00:00	200	https://horizon.stellar.org/trades?base_asset_type=credit_alphanum4&base_asset_code=USDY&base_asset_issuer=GAJMPX5NBOG6TQFPQGRABJEEB2YE7RFRLUKJDZAZGAD5GFX4J7TADAZ6&counter_asset_type=credit_alphanum12&counter_asset_code=LIBRE&counter_asset_issuer=GAYCCWKECNGDRHYU3UTREBD2XLC3CUQN6FV22TKM4WCQER3IWR7TF5CY&order=desc&limit=200
2026-09-08T06:00:40.775625+00:00	200	https://horizon.stellar.org/trades?base_asset_type=credit_alphanum4&base_asset_code=USDY&base_asset_issuer=GAJMPX5NBOG6TQFPQGRABJEEB2YE7RFRLUKJDZAZGAD5GFX4J7TADAZ6&counter_asset_type=credit_alphanum12&counter_asset_code=PYUSD&counter_asset_issuer=GDQE7IXJ4HUHV6RQHIUPRJSEZE4DRS5WY577O2FY6YQ5LVWZ7JZTU2V5&order=desc&limit=200
2026-09-08T06:00:43.409311+00:00	200	https://horizon.stellar.org/trades?base_asset_type=credit_alphanum4&base_asset_code=USDY&base_asset_issuer=GAJMPX5NBOG6TQFPQGRABJEEB2YE7RFRLUKJDZAZGAD5GFX4J7TADAZ6&counter_asset_type=credit_alphanum4&counter_asset_code=Pepe&counter_asset_issuer=GBVYKIM4QGW7NK3Q5S76GWMZMLAWYB6FB43JQ4J7ZOXHAA3LEZZGYHSD&order=desc&limit=200
2026-09-08T06:00:46.076188+00:00	200	https://horizon.stellar.org/trades?base_asset_type=credit_alphanum4&base_asset_code=USDY&base_asset_issuer=GAJMPX5NBOG6TQFPQGRABJEEB2YE7RFRLUKJDZAZGAD5GFX4J7TADAZ6&counter_asset_type=credit_alphanum4&counter_asset_code=RUV&counter_asset_issuer=GBJGR7HDC4QPCZ6SA5VBH73V7L5SSZ5GAS6US23PFSGV4SQXJLYGERYX&order=desc&limit=200
2026-09-08T06:00:48.706253+00:00	200	https://horizon.stellar.org/trades?base_asset_type=credit_alphanum4&base_asset_code=USDY&base_asset_issuer=GAJMPX5NBOG6TQFPQGRABJEEB2YE7RFRLUKJDZAZGAD5GFX4J7TADAZ6&counter_asset_type=credit_alphanum4&counter_asset_code=SBB&counter_asset_issuer=GCJJT5KK5AHQOZ2P33AO2G36KJVTHSACOR3I7U4UISKDC6TMZ2BIRFSD&order=desc&limit=200
2026-09-08T06:00:51.343810+00:00	200	https://horizon.stellar.org/trades?base_asset_type=credit_alphanum4&base_asset_code=USDY&base_asset_issuer=GAJMPX5NBOG6TQFPQGRABJEEB2YE7RFRLUKJDZAZGAD5GFX4J7TADAZ6&counter_asset_type=credit_alphanum4&counter_asset_code=SEX&counter_asset_issuer=GBVYKIM4QGW7NK3Q5S76GWMZMLAWYB6FB43JQ4J7ZOXHAA3LEZZGYHSD&order=desc&limit=200
2026-09-08T06:00:53.895765+00:00	200	https://horizon.stellar.org/trades?base_asset_type=credit_alphanum4&base_asset_code=USDY&base_asset_issuer=GAJMPX5NBOG6TQFPQGRABJEEB2YE7RFRLUKJDZAZGAD5GFX4J7TADAZ6&counter_asset_type=credit_alphanum4&counter_asset_code=SHX&counter_asset_issuer=GDSTRSHXHGJ7ZIVRBXEYE5Q74XUVCUSEKEBR7UCHEUUEK72N7I7KJ6JH&order=desc&limit=200
2026-09-08T06:00:56.671425+00:00	200	https://horizon.stellar.org/trades?base_asset_type=credit_alphanum4&base_asset_code=USDY&base_asset_issuer=GAJMPX5NBOG6TQFPQGRABJEEB2YE7RFRLUKJDZAZGAD5GFX4J7TADAZ6&counter_asset_type=credit_alphanum12&counter_asset_code=SOLARIS&counter_asset_issuer=GBVYKIM4QGW7NK3Q5S76GWMZMLAWYB6FB43JQ4J7ZOXHAA3LEZZGYHSD&order=desc&limit=200
2026-09-08T06:00:59.170156+00:00	200	https://horizon.stellar.org/trades?base_asset_type=credit_alphanum4&base_asset_code=USDY&base_asset_issuer=GAJMPX5NBOG6TQFPQGRABJEEB2YE7RFRLUKJDZAZGAD5GFX4J7TADAZ6&counter_asset_type=credit_alphanum4&counter_asset_code=SSLX&counter_asset_issuer=GBHFGY3ZNEJWLNO4LBUKLYOCEK4V7ENEBJGPRHHX7JU47GWHBREH37UR&order=desc&limit=200
2026-09-08T06:01:01.958060+00:00	200	https://horizon.stellar.org/trades?base_asset_type=credit_alphanum4&base_asset_code=USDY&base_asset_issuer=GAJMPX5NBOG6TQFPQGRABJEEB2YE7RFRLUKJDZAZGAD5GFX4J7TADAZ6&counter_asset_type=credit_alphanum4&counter_asset_code=STK&counter_asset_issuer=GB6W5SDKRQC6VGZJ2LQOHUM5BAZRKFTAOOBBI6EZQI65WIO3K7AQZSTK&order=desc&limit=200
2026-09-08T06:01:04.631714+00:00	200	https://horizon.stellar.org/trades?base_asset_type=credit_alphanum4&base_asset_code=USDY&base_asset_issuer=GAJMPX5NBOG6TQFPQGRABJEEB2YE7RFRLUKJDZAZGAD5GFX4J7TADAZ6&counter_asset_type=credit_alphanum12&counter_asset_code=Shitcoinz&counter_asset_issuer=GBVYKIM4QGW7NK3Q5S76GWMZMLAWYB6FB43JQ4J7ZOXHAA3LEZZGYHSD&order=desc&limit=200
2026-09-08T06:01:08.256398+00:00	200	https://horizon.stellar.org/trades?base_asset_type=credit_alphanum4&base_asset_code=USDY&base_asset_issuer=GAJMPX5NBOG6TQFPQGRABJEEB2YE7RFRLUKJDZAZGAD5GFX4J7TADAZ6&counter_asset_type=credit_alphanum12&counter_asset_code=TRUMP&counter_asset_issuer=GBVYKIM4QGW7NK3Q5S76GWMZMLAWYB6FB43JQ4J7ZOXHAA3LEZZGYHSD&order=desc&limit=200
2026-09-08T06:01:11.375201+00:00	200	https://horizon.stellar.org/trades?base_asset_type=credit_alphanum4&base_asset_code=USDY&base_asset_issuer=GAJMPX5NBOG6TQFPQGRABJEEB2YE7RFRLUKJDZAZGAD5GFX4J7TADAZ6&counter_asset_type=credit_alphanum12&counter_asset_code=Trinity&counter_asset_issuer=GBVYKIM4QGW7NK3Q5S76GWMZMLAWYB6FB43JQ4J7ZOXHAA3LEZZGYHSD&order=desc&limit=200
2026-09-08T06:01:14.284725+00:00	200	https://horizon.stellar.org/trades?base_asset_type=credit_alphanum4&base_asset_code=USDY&base_asset_issuer=GAJMPX5NBOG6TQFPQGRABJEEB2YE7RFRLUKJDZAZGAD5GFX4J7TADAZ6&counter_asset_type=credit_alphanum4&counter_asset_code=U&counter_asset_issuer=GBBBMSNN6ASLP36IB577XDUQTSLLSLAFHZTWNZO6AXTZ2KWTOJOM3AVX&order=desc&limit=200
2026-09-08T06:01:15.917496+00:00	200	https://horizon.stellar.org/trades?base_asset_type=credit_alphanum4&base_asset_code=USDY&base_asset_issuer=GAJMPX5NBOG6TQFPQGRABJEEB2YE7RFRLUKJDZAZGAD5GFX4J7TADAZ6&counter_asset_type=credit_alphanum4&counter_asset_code=UGOR&counter_asset_issuer=GBL7KRBKCBG4G2LGO2FQIJYC66PWMZSO4LZESUBUVSZUXXBVEAFJMPSH&order=desc&limit=200
2026-09-08T06:01:18.907807+00:00	200	https://horizon.stellar.org/trades?base_asset_type=credit_alphanum4&base_asset_code=USDY&base_asset_issuer=GAJMPX5NBOG6TQFPQGRABJEEB2YE7RFRLUKJDZAZGAD5GFX4J7TADAZ6&counter_asset_type=credit_alphanum4&counter_asset_code=USDC&counter_asset_issuer=GA5ZSEJYB37JRC5AVCIA5MOP4RHTM335X2KGX3IHOJAPP5RE34K4KZVN&order=desc&limit=200
2026-09-08T06:01:21.521962+00:00	200	https://horizon.stellar.org/trades?base_asset_code=USDY&base_asset_issuer=GAJMPX5NBOG6TQFPQGRABJEEB2YE7RFRLUKJDZAZGAD5GFX4J7TADAZ6&base_asset_type=credit_alphanum4&counter_asset_code=USDC&counter_asset_issuer=GA5ZSEJYB37JRC5AVCIA5MOP4RHTM335X2KGX3IHOJAPP5RE34K4KZVN&counter_asset_type=credit_alphanum4&cursor=276226994826940418-1&limit=200&order=desc
2026-09-08T06:01:24.128981+00:00	200	https://horizon.stellar.org/trades?base_asset_type=credit_alphanum4&base_asset_code=USDY&base_asset_issuer=GAJMPX5NBOG6TQFPQGRABJEEB2YE7RFRLUKJDZAZGAD5GFX4J7TADAZ6&counter_asset_type=credit_alphanum4&counter_asset_code=USDO&counter_asset_issuer=GDTFDAGZ5GSXWTKJGUMP2D5JD4WBEZEFAH2Q2U7YAUZPFNM6M4J32HWR&order=desc&limit=200
2026-09-08T06:01:25.655301+00:00	200	https://horizon.stellar.org/trades?base_asset_type=credit_alphanum4&base_asset_code=USDY&base_asset_issuer=GAJMPX5NBOG6TQFPQGRABJEEB2YE7RFRLUKJDZAZGAD5GFX4J7TADAZ6&counter_asset_type=credit_alphanum12&counter_asset_code=USDT0&counter_asset_issuer=GAKSY7RQI4YG3H5J5WRYHB4FDEJ2PAQJ6IN3P47HNG6KGUJJ2YOD7ZP3&order=desc&limit=200
2026-09-08T06:01:28.371903+00:00	200	https://horizon.stellar.org/trades?base_asset_type=credit_alphanum4&base_asset_code=USDY&base_asset_issuer=GAJMPX5NBOG6TQFPQGRABJEEB2YE7RFRLUKJDZAZGAD5GFX4J7TADAZ6&counter_asset_type=credit_alphanum12&counter_asset_code=USTRY&counter_asset_issuer=GCRYUGD5NVARGXT56XEZI5CIFCQETYHAPQQTHO2O3IQZTHDH4LATMYWC&order=desc&limit=200
2026-09-08T06:01:30.922259+00:00	200	https://horizon.stellar.org/trades?base_asset_type=credit_alphanum4&base_asset_code=USDY&base_asset_issuer=GAJMPX5NBOG6TQFPQGRABJEEB2YE7RFRLUKJDZAZGAD5GFX4J7TADAZ6&counter_asset_type=credit_alphanum4&counter_asset_code=V&counter_asset_issuer=GDQJXPESRTKBHMTLPHKZNVFGQA77HPCGYW2NPUORVMDMPJBCFGGBYNS2&order=desc&limit=200
2026-09-08T06:01:33.574366+00:00	200	https://horizon.stellar.org/trades?base_asset_type=credit_alphanum4&base_asset_code=USDY&base_asset_issuer=GAJMPX5NBOG6TQFPQGRABJEEB2YE7RFRLUKJDZAZGAD5GFX4J7TADAZ6&counter_asset_type=credit_alphanum4&counter_asset_code=Vol&counter_asset_issuer=GAUZ24CWEUNVIOWD6K7SXEQ6FQT6K6LLDJJEBRS7QHUDJORQB7SMSQ7O&order=desc&limit=200
2026-09-08T06:01:36.238110+00:00	200	https://horizon.stellar.org/trades?base_asset_type=credit_alphanum4&base_asset_code=USDY&base_asset_issuer=GAJMPX5NBOG6TQFPQGRABJEEB2YE7RFRLUKJDZAZGAD5GFX4J7TADAZ6&counter_asset_type=credit_alphanum4&counter_asset_code=WLFI&counter_asset_issuer=GA6KE37WWWB6GUAKDEH7EFM2NN2JFFBR33L4Y7BSLIOUH3DACBCJZPOS&order=desc&limit=200
2026-09-08T06:01:37.528939+00:00	200	https://horizon.stellar.org/trades?base_asset_type=credit_alphanum4&base_asset_code=USDY&base_asset_issuer=GAJMPX5NBOG6TQFPQGRABJEEB2YE7RFRLUKJDZAZGAD5GFX4J7TADAZ6&counter_asset_type=credit_alphanum12&counter_asset_code=Waterproof&counter_asset_issuer=GBJ3JRPGOSS2HN2UFD4TLU227TWK3O4G3L7SKD6SAAIBVPZIH54VLZZO&order=desc&limit=200
2026-09-08T06:01:40.314728+00:00	200	https://horizon.stellar.org/trades?base_asset_type=credit_alphanum4&base_asset_code=USDY&base_asset_issuer=GAJMPX5NBOG6TQFPQGRABJEEB2YE7RFRLUKJDZAZGAD5GFX4J7TADAZ6&counter_asset_type=credit_alphanum4&counter_asset_code=X5&counter_asset_issuer=GBN42AP5SK3IPTEJ2KAY7DLCAH6YQSMI3H6CCZLWW7KIJCYJ3X57JZ6R&order=desc&limit=200
2026-09-08T06:01:42.465312+00:00	200	https://horizon.stellar.org/trades?base_asset_type=credit_alphanum4&base_asset_code=USDY&base_asset_issuer=GAJMPX5NBOG6TQFPQGRABJEEB2YE7RFRLUKJDZAZGAD5GFX4J7TADAZ6&counter_asset_type=credit_alphanum4&counter_asset_code=XLD&counter_asset_issuer=GBE6IZPK5MPLVPMD3NZ2YW5BY4GBB5IDYDXTIERGA3A5S2XANCUCTXLD&order=desc&limit=200
2026-09-08T06:01:44.845202+00:00	200	https://horizon.stellar.org/trades?base_asset_type=credit_alphanum4&base_asset_code=USDY&base_asset_issuer=GAJMPX5NBOG6TQFPQGRABJEEB2YE7RFRLUKJDZAZGAD5GFX4J7TADAZ6&counter_asset_type=native&order=desc&limit=200
2026-09-08T06:01:47.637845+00:00	200	https://horizon.stellar.org/trades?base_asset_type=credit_alphanum4&base_asset_code=USDY&base_asset_issuer=GAJMPX5NBOG6TQFPQGRABJEEB2YE7RFRLUKJDZAZGAD5GFX4J7TADAZ6&counter_asset_type=credit_alphanum4&counter_asset_code=neco&counter_asset_issuer=GB5NWTBDWP4S5YEPLXOPAUFAENOK7KM3Q6ZFZ55TGGQYIZEPFT22OL4S&order=desc&limit=200
2026-09-08T06:01:50.203584+00:00	200	https://horizon.stellar.org/trades?base_asset_type=credit_alphanum4&base_asset_code=USDY&base_asset_issuer=GAJMPX5NBOG6TQFPQGRABJEEB2YE7RFRLUKJDZAZGAD5GFX4J7TADAZ6&counter_asset_type=credit_alphanum12&counter_asset_code=xLMNR&counter_asset_issuer=GDKA6WVMFSA73BMEVKPO6WXSSWP4MPRBDJVSXLLSEVIEVH226L5RJ7NL&order=desc&limit=200
2026-09-08T06:01:52.921925+00:00	200	https://horizon.stellar.org/trades?base_asset_type=credit_alphanum4&base_asset_code=USDY&base_asset_issuer=GAJMPX5NBOG6TQFPQGRABJEEB2YE7RFRLUKJDZAZGAD5GFX4J7TADAZ6&counter_asset_type=credit_alphanum12&counter_asset_code=yUSDC&counter_asset_issuer=GDGTVWSM4MGS4T7Z6W4RPWOCHE2I6RDFCIFZGS3DOA63LWQTRNZNTTFF&order=desc&limit=200
2026-09-08T06:01:55.638904+00:00	200	https://horizon.stellar.org/trades?base_asset_type=credit_alphanum4&base_asset_code=USDY&base_asset_issuer=GAJMPX5NBOG6TQFPQGRABJEEB2YE7RFRLUKJDZAZGAD5GFX4J7TADAZ6&counter_asset_type=credit_alphanum4&counter_asset_code=yXLM&counter_asset_issuer=GARDNV3Q7YGT4AKSDF25LT32YSCCW4EV22Y2TV3I2PU2MMXJTEDL5T55&order=desc&limit=200
